ID,Qty,Taxon,Plant Type,Height (inches),Location,Grid,Date Planted,# of Volunteers
1,4,Quercus bicolor,Tree,>=24,Main Trail,,5/1/2007,2
2,5,Hamamelis virginiana,Shrub,>=24,Magnolia Way,,11/11/2007,2
3,4,Hamamelis virginiana,Shrub,>=24,Bridge Trail (Entrance),,11/11/2007,2
4,12,Viburnum dentatum,Shrub,>=24,Main Trail,,11/11/2007,2
5,12,Viburnum dentatum,Shrub,>=24,Oak Trail,,11/11/2007,2
6,12,Viburnum prunifolium,Shrub,>=24,Oak Trail,,11/11/2007,2
7,3,Amelanchier canadensis,Tree,>=24,Main Trail,,11/11/2007,2
8,5,Betula lenta,Tree,>=24,Main Trail,,11/11/2007,2
9,4,Carpinus caroliniana,Tree,>=24,Magnolia Way,,11/11/2007,2
10,2,Carpinus caroliniana,Tree,>=24,Main Trail,,11/11/2007,2
11,5,Chionanthus virginicus,Shrub,>=24,Forest Overlook,,11/27/2007,
12,4,Hamamelis virginiana,Shrub,>=24,Main Trail,,11/27/2007,
13,12,Viburnum dentatum,Shrub,>=24,Main Trail,,11/27/2007,
14,12,Viburnum dentatum,Shrub,>=24,Forest Overlook,,11/27/2007,
15,2,Carpinus caroliniana,Tree,>=24,Main Trail,,11/27/2007,
16,2,Carpinus caroliniana,Tree,>=24,Forest Overlook,,11/27/2007,
17,1,Quercus bicolor,Tree,>=24,Main Trail,,11/27/2007,
18,50,Acer saccharum,Tree,>=24,FOREST,,4/12/2008,
19,50,Betula lenta,Tree,>=24,FOREST,,4/12/2008,
20,50,Liriodendron tulipifera,Tree,>=24,FOREST,,4/12/2008,
21,50,Quercus rubra,Tree,>=24,FOREST,,4/12/2008,
22,50,Quercus velutina,Tree,>=24,FOREST,,4/12/2008,
23,10,Amelanchier canadensis,Tree,>=24,FOREST,,4/25/2008,
24,25,Betula populifolia,Tree,>=24,FOREST,,4/25/2008,
25,50,Cornus alternifolia,Tree,>=24,FOREST,,4/25/2008,
26,50,Cornus florida,Tree,>=24,FOREST,,4/25/2008,
27,30,Fraxinus pennsylvanica,Tree,>=24,FOREST,,4/25/2008,
28,40,Platanus occidentalis,Tree,>=24,FOREST,,4/25/2008,
29,50,Quercus palustris,Tree,>=24,FOREST,,4/25/2008,
30,1,Quercus bicolor,Tree,>=24,FOREST,,5/8/2008,
31,12,Quercus rubra,Tree,>=24,Main Trail,,9/5/2008,
32,100,Lindera benzoin,Shrub,>=24,Oak Trail (old path site),,10/14/2008,
33,50,Viburnum prunifolium,Shrub,>=24,Oak Trail (old path site),,10/14/2008,
34,25,Acer rubrum,Tree,>=24,Oak Trail (old path site),,10/14/2008,
35,50,Betula lenta,Tree,>=24,Oak Trail (old path site),,10/14/2008,35
36,25,Carpinus caroliniana,Tree,>=24,Oak Trail (old path site),,10/14/2008,
37,10,Carya glabra,Tree,>=24,Oak Trail (old path site),,10/14/2008,
38,10,Carya ovata,Tree,>=24,Oak Trail (old path site),,10/14/2008,
39,10,Carya tomentosa,Tree,>=24,Oak Trail (old path site),,10/14/2008,
40,50,Fraxinus americana,Tree,>=24,Oak Trail (old path site),,10/14/2008,
41,10,Liquidambar styraciflua,Tree,>=24,Oak Trail (old path site),,10/14/2008,
42,10,Liriodendron tulipifera,Tree,>=24,Oak Trail (old path site),,10/14/2008,
43,50,Nyssa sylvatica,Tree,>=24,Oak Trail (old path site),,10/14/2008,
44,25,Quercus alba,Tree,>=24,Oak Trail (old path site),,10/14/2008,
45,50,Quercus velutina,Tree,>=24,Oak Trail (old path site),,10/14/2008,
46,25,Hamamelis virginiana,Shrub,>=24,Bridge Trail,,10/17/2008,
47,25,Viburnum prunifolium,Shrub,>=24,Bridge Trail,,10/17/2008,
48,10,Amelanchier canadensis,Tree,>=24,Bridge Trail,,10/17/2008,
49,1,Carpinus caroliniana,Tree,>=24,Bridge Trail,,10/17/2008,
50,15,Carya mix,Tree,>=24,Bridge Trail,,10/17/2008,
51,25,Cornus alternifolia,Tree,>=24,Bridge Trail,,10/17/2008,
52,29,Fraxinus americana,Tree,>=24,Bridge Trail,,10/17/2008,4
53,10,Liquidambar styraciflua,Tree,>=24,Bridge Trail,,10/17/2008,
54,14,Liriodendron tulipifera,Tree,>=24,Bridge Trail,,10/17/2008,
55,26,Quercus alba,Tree,>=24,Bridge Trail,,10/17/2008,
56,10,Quercus palustris,Tree,>=24,Bridge Trail,,10/17/2008,1
57,10,Viburnum prunifolium,Shrub,>=24,Oak Trail by Rock Garden,,10/24/2008,
58,29,Carya mix,Tree,>=24,Oak Trail by Rock Garden,,10/24/2008,
59,5,Liquidambar styraciflua,Tree,>=24,Oak Trail by Rock Garden,,10/24/2008,
60,10,Ostrya virginiana,Tree,>=24,Oak Trail by Rock Garden,,10/24/2008,
61,37,Quercus alba,Tree,>=24,Oak Trail by Rock Garden,,10/24/2008,9
62,10,Quercus palustris,Tree,>=24,Oak Trail by Rock Garden,,10/24/2008,
63,76,Quercus velutina/rubra,Tree,>=24,Oak Trail by Rock Garden,,10/24/2008,
64,61,Hamamelis virginiana,Shrub,>=24,Main Trail,,10/25/2008,
65,15,Viburnum prunifolium,Shrub,>=24,Main Trail,,10/25/2008,
66,30,Acer saccharinum,Tree,>=24,Main Trail,,10/25/2008,30
67,7,Amelanchier canadensis,Tree,>=24,Main Trail,,10/25/2008,
68,4,Carpinus caroliniana,Tree,>=24,Main Trail,,10/25/2008,
69,50,Fraxinus americana,Tree,>=24,Main Trail,,10/25/2008,
70,14,Ostrya virginiana,Tree,>=24,Main Trail,,10/25/2008,
71,30,Quercus palustris,Tree,>=24,Main Trail,,10/25/2008,
72,25,Acer rubrum,Tree,>=24,Main Trail,,11/7/2008,
73,50,Acer saccharum,Tree,>=24,Main Trail,,11/7/2008,7
74,75,Fraxinus pennsylvanica,Tree,>=24,Main Trail,,11/7/2008,
75,75,Quercus alba,Tree,>=24,Main Trail,,11/7/2008,
76,25,Sassafras albidum,Tree,>=24,Main Trail,,11/7/2008,
77,25,Acer rubrum,Tree,>=24,Main Trail,,11/8/2008,
78,50,Acer saccharum,Tree,>=24,Main Trail,,11/8/2008,21
79,85,Fraxinus pennsylvanica,Tree,>=24,Main Trail,,11/8/2008,
80,25,Quercus alba,Tree,>=24,Main Trail,,11/8/2008,
81,15,Sassafras albidum,Tree,>=24,Main Trail,,11/8/2008,
82,7,Fraxinus pennsylvanica,Tree,>=24,Oak Trail (old path),,11/11/2008,
83,15,Quercus alba,Tree,>=24,Oak Trail (old path),,11/11/2008,2
84,10,Sassafras albidum,Tree,>=24,Oak Trail (old path),,11/11/2008,
85,8,Fraxinus pennsylvanica,Tree,>=24,Oak Trail (old path),,11/18/2008,
86,10,Quercus alba,Tree,>=24,Oak Trail (old path),,11/18/2008,1
87,32,Lindera benzoin,Shrub,<24,Azalea Way Forest Edge,,11/19/2008,
88,1,Viburnum prunifolium,Shrub,<24,Azalea Way Forest Edge,,11/19/2008,
89,11,Hamamelis virginiana,Shrub,>=24,Mitsubishi Wetlands,,11/19/2008,
90,10,Lindera benzion,Shrub,>=24,Mitsubishi Wetlands,,11/19/2008,4
91,1,Betula lenta,Tree,<24,Azalea Way Forest Edge,,11/19/2008,
92,10,Cornus florida,Tree,<24,Azalea Way Forest Edge,,11/19/2008,
93,1,Liquidambar styraciflua,Tree,<24,Azalea Way Forest Edge,,11/19/2008,
94,2,Liriodendron tulipifera,Tree,<24,Azalea Way Forest Edge,,11/19/2008,
95,2,Nyssa sylvatica,Tree,<24,Azalea Way Forest Edge,,11/19/2008,
96,1,Ostrya virginiana,Tree,<24,Mitsubishi Wetlands,,11/19/2008,
97,7,Quercus velutina,Tree,<24,Azalea Way Forest Edge,,11/19/2008,
98,8,Amelanchier canadensis,Tree,>=24,Mitsubishi Wetlands,,11/19/2008,
99,20,Quercus rubra,Tree,<24,Spicebush Trail Entrance,,5/18/2009,
100,1,Acer rubrum,Tree,>=24,Spicebush Trail Entrance,,5/18/2009,
101,2,Betula lenta,Tree,>=24,Spicebush Trail Entrance,,5/18/2009,
102,1,Carpinus caroliniana,Tree,>=24,Spicebush Trail Entrance,,5/18/2009,
103,2,Fraxinus americana,Tree,>=24,Spicebush Trail Entrance,,5/18/2009,
104,2,Quercus rubra,Tree,>=24,Spicebush Trail Entrance,,5/18/2009,
105,50,Acer rubrum,Tree,>=24,See Fall 2009 Maps,,11/1/2009,
106,100,Acer saccharinum,Tree,>=24,See Fall 2009 Maps,,11/1/2009,
107,100,Amelanchier canadensis,Tree,>=24,See Fall 2009 Maps,,11/1/2009,
108,15,Amelanchier canadensis,Tree,>=24,See Fall 2009 Maps,,11/1/2009,
109,75,Betula lenta,Tree,>=24,See Fall 2009 Maps,,11/1/2009,
110,50,Cornus florida,Tree,>=24,See Fall 2009 Maps,,11/1/2009,
111,40,Cornus florida,Tree,>=24,See Fall 2009 Maps,,11/1/2009,
112,20,Liquidambar styraciflua,Tree,>=24,See Fall 2009 Maps,,11/1/2009,
113,10,Nyssa sylvatica,Tree,>=24,See Fall 2009 Maps,,11/1/2009,
114,50,Nyssa sylvatica,Tree,>=24,See Fall 2009 Maps,,11/1/2009,
115,50,Quercus alba,Tree,>=24,See Fall 2009 Maps,,11/1/2009,
116,50,Quercus bicolor,Tree,>=24,See Fall 2009 Maps,,11/1/2009,
117,25,Quercus bicolor,Tree,>=24,See Fall 2009 Maps,,11/1/2009,
118,50,Quercus palustris,Tree,>=24,See Fall 2009 Maps,,11/1/2009,
119,25,Quercus palustris,Tree,>=24,See Fall 2009 Maps,,11/1/2009,
120,50,Quercus velutina,Tree,>=24,See Fall 2009 Maps,,11/1/2009,
121,20,Salix discolor,Tree,>=24,See Fall 2009 Maps,,11/1/2009,
122,70,Salix nigra,Tree,>=24,See Fall 2009 Maps,,11/1/2009,
123,75,Sassafras albidum,Tree,>=24,See Fall 2009 Maps,,11/1/2009,
124,25,Sassafras albidum,Tree,>=24,See Fall 2009 Maps,,11/1/2009,
125,9,Ulmus americana,Tree,>=24,See Fall 2009 Maps,,11/1/2009,
126,50,Lindera benzoin,Shrub,>=24,See Spring 2009 Maps,,4/25/2009,
127,100,Acer rubrum,Tree,>=24,See Spring 2009 Maps,,4/25/2009,
128,125,Betula lenta,Tree,>=24,See Spring 2009 Maps,,4/25/2009,
129,50,Cornus florida,Tree,>=24,See Spring 2009 Maps,,4/25/2009,
130,150,Quercus alba,Tree,>=24,See Spring 2009 Maps,,4/25/2009,
131,75,Nyssa sylvatica,Tree,>=24,See Spring 2009 Maps,,4/25/2009,
132,100,Amelanchier canadensis,Tree,>=24,See Spring 2009 Maps,,4/25/2009,
133,100,Cornus alternifolia,Tree,>=24,See Spring 2009 Maps,,4/25/2009,
134,40,Liquidambar styraciflua,Tree,>=24,See Spring 2009 Maps,,4/25/2009,
135,260,Quercus rubra,Tree,>=24,See Spring 2009 Maps,,4/25/2009,
136,8,Betula lenta,Tree,>=24,Spicebush Trail by Hemlock failure 3/13/2012,,4/10/2010,
137,8,Liriodendron tulipifera,Tree,>=24,Spicebush Trail by Hemlock failure 3/13/2011,,4/10/2010,
138,8,Quercus alba,Tree,>=24,Spicebush Trail by Hemlock failure 3/13/2010,,4/10/2010,
139,8,Ulmus americana,Tree,>=24,Spicebush Trail by Hemlock failure 3/13/2013,,4/10/2010,
140,60,Quercus palustris,Tree,>=24,Fallopia research plots,,4/13/2010,
141,15,Lindera benzoin,Shrub,>=24,Across from Stone Mill,,4/22/2010,
142,10,Acer rubrum,Tree,>=24,Across from Stone Mill,,4/22/2010,
143,42,Betula lenta,Tree,>=24,Across from Stone Mill,,4/22/2010,
144,42,Liriodendron tulipifera,Tree,>=24,Across from Stone Mill,,4/22/2010,
145,20,Nyssa sylvatica,Tree,>=24,Across from Stone Mill,,4/22/2010,
146,35,Quercus alba,Tree,>=24,Across from Stone Mill,,4/22/2010,
147,40,Ulmus americana,Tree,>=24,Across from Stone Mill,,4/22/2010,
148,1,Amelanchier canadensis,Tree,>=24,Across from Stone Mill,,4/23/2010,
149,10,Salix discolor,Tree,>=24,Across from Stone Mill,,4/23/2010,
150,8,Salix sp. ,Tree,>=24,Across from Stone Mill,,4/23/2010,
151,6,Aesculus parviflora,Shrub,>=24,Waterfall Trail,,8/20/2010,
152,15,Lindera benzoin,Shrub,>=24,Waterfall Trail,,8/20/2010,
153,5,Cornus florida,Tree,>=24,Waterfall Trail,,8/20/2010,
154,16,Clethra alnifolia,Shrub,>=24,Waterfall Trail,,8/25/2010,
155,50,Rhus aromatica 'Gro Low',Shrub,<24,Waterfall Trail,,8/31/2010,
156,60,Polystichum acrostichoides,Herb,n/a,,M9,9/10/2010,
157,12,Dennstaedtia punctiloba,Herb,n/a,,M9,9/17/2010,
158,9,Dennstaedtia punctiloba,Herb,n/a,,"N11,M11",9/17/2010,
159,5,Polystichum acrostichoides,Herb,n/a,,"N11,M11",9/17/2010,
160,4,Aralia racemosa,Herb,n/a,,"M10,M11",10/7/2010,
161,13,Dennstaedtia punctiloba,Herb,n/a,,"M10,M11",10/7/2010,
162,80,Polystichum acrostichoides,Herb,n/a,,"M10,M11",10/7/2010,
163,1,Aralia racemosa,Herb,n/a,,"M10,M11",10/8/2010,
164,3,Polystichum acrostichoides,Herb,n/a,,"M10,M11",10/8/2010,
165,8,Aralia racemosa,Herb,n/a,,"M10,M11",10/12/2010,
166,8,Dennstaedtia punctiloba,Herb,n/a,,"M10,M11",10/12/2010,
167,70,Polystichum acrostichoides,Herb,n/a,,"M10,M11",10/12/2010,
168,29,Rudbeckia laciniata,Herb,n/a,,"M10,M11",10/12/2010,
169,98,Rudbeckia laciniata,Herb,n/a,,"M10,M11",10/13/2010,
170,10,Cornus florida,Tree,>=24,,"M10,M11",10/13/2010,
171,20,Liquidambar styraciflua,Tree,>=24,,"M10,M11",10/13/2010,
172,20,Quercus rubra,Tree,>=24,,"M10,M11",10/13/2010,
173,32,Aralia racemosa,Herb,n/a,,"J10,J11,K10,K11",10/22/2010,
174,23,Verbesina alternifolia,Herb,n/a,,"J10,J11,K10,K11",10/22/2010,
175,12,Clethra alnifolia,Shrub,>=24,,K9,10/22/2010,
176,20,Viburnum dentatum,Shrub,>=24,,"J10,J11,K10,K11",10/22/2010,
177,68,Cornus florida,Tree,>=24,,"J10,J11,K10,K11",10/22/2010,
178,54,Quercus alba,Tree,>=24,,"J10,J11,K10,K11",10/22/2010,
179,21,Quercus bicolor,Tree,>=24,,"J10,J11,K10,K11",10/22/2010,
180,50,Liquidambar styraciflua,Tree,>=24,,"J10,J11,K10,K11",10/22/2010,
181,33,Cornus florida,Tree,>=24,,K7,10/26/2010,
182,33,Quercus rubra,Tree,>=24,,K7,10/26/2010,
183,8,Viburnum acerifolium,Shrub,<24,,K9,10/28/2010,
184,60,Viburnum prunifolium ,Shrub,<24,,K9,10/28/2010,
185,29,Betula lenta,Tree,>=24,,K9,10/28/2010,
186,13,Acer rubrum,Tree,>=24,,K9,10/28/2010,
187,13,Cornus florida,Tree,>=24,,K9,10/28/2010,
188,9,Liquidambar styraciflua,Tree,>=24,,K9,10/28/2010,
189,2,Nyssa sylvatica,Tree,>=24,,K9,10/28/2010,
190,14,Sassafras albidum,Tree,>=24,,K9,10/28/2010,
191,10,Hamamelis virginiana,Shrub,<24,,K9,10/30/2010,30
192,15,Viburnum acerifolium,Shrub,<24,,K9,10/30/2010,30
193,110,Viburnum prunifolium,Shrub,<24,,K9,10/30/2010,30
194,4,Quercus palustris,Tree,<24,,K9,10/30/2010,30
195,1,Acer rubrum,Tree,>=24,,K9,10/30/2010,30
196,18,Betula lenta,Tree,>=24,,K9,10/30/2010,30
197,43,Liriodendron tulipifera,Tree,>=24,,K9,10/30/2010,30
198,7,Cornus florida,Tree,>=24,,K9,10/30/2010,30
199,16,Liquidambar styraciflua,Tree,>=24,,K9,10/30/2010,30
200,65,Quercus rubra,Tree,>=24,,K9,10/30/2010,30
201,12,Sassafras albidum ,Tree,>=24,,K9,10/30/2010,30
202,24,Viburnum prunifolium,Shrub,<24,,"L7,L8,K8,K9",11/3/2010,1
203,4,Acer rubrum ,Tree,<24,,"L7,L8,K8,K9",11/3/2010,1
204,1,Betula lenta,Tree,<24,,"L7,L8,K8,K9",11/3/2010,1
205,5,Nyssa sylvatica,Tree,<24,,"L7,L8,K8,K9",11/3/2010,1
206,11,Quercus palustris,Tree,<24,,"L7,L8,K8,K9",11/3/2010,1
207,9,Cornus florida,Tree,>=24,,"L7,L8,K8,K9",11/3/2010,1
208,6,Quercus alba,Tree,>=24,,"L7,L8,K8,K9",11/3/2010,1
209,12,Sassafras albidum,Tree,>=24,,"L7,L8,K8,K9",11/3/2010,1
210,6,Betula lenta,Tree,<24,,L9,11/5/2010,1
211,6,Cornus florida,Tree,>=24,,L9,11/5/2010,1
212,7,Liquidambar styraciflua,Tree,>=24,,L9,11/5/2010,1
213,7,Sassafras albidum,Tree,>=24,,L9,11/5/2010,1
214,64,Aralia racemosa,Herb,n/a,,"P18,P10",11/6/2010,40
215,7,Polygonum virginianum,Herb,n/a,,"P18,P10",11/6/2010,40
216,26,Verbesina alternifolia,Herb,n/a,,"P18,P10",11/6/2010,40
217,73,Quercus alba,Tree,<24,,"P18,P10",11/6/2010,40
218,121,Quercus bicolor,Tree,<24,,"P18,P10",11/6/2010,40
219,50,Cornus florida,Tree,>=24,,"P18,P10",11/6/2010,40
220,4,Aralia racemosa,Herb,n/a,,"N19,P19",11/8/2010,1
221,10,Quercus bicolor,Tree,<24,,"N19,P19",11/8/2010,1
222,20,Cornus florida,Tree,>=24,,"N19,P19",11/8/2010,1
223,14,Aralia racemosa,Herb,n/a,,M9,11/9/2010,
224,7,Betula lenta,Tree,<24,,M9,11/9/2010,
225,5,Cornus florida,Tree,>=24,,M9,11/9/2010,
226,5,Liquidambar styraciflua,Tree,>=24,,M9,11/9/2010,
227,2,Sassafras albidum,Tree,>=24,,M9,11/9/2010,
228,12,Aralia racemosa,Herb,n/a,,"M9,L8,L9",11/10/2010,2
229,58,Dennstaedtia punctiloba,Herb,n/a,,L9,11/10/2010,1
230,12,Betula lenta,Tree,<24,,"L8,L9",11/10/2010,2
231,1,Acer rubrum,Tree,>=24,,"M9,L8,L9",11/10/2010,2
232,15,Cornus florida,Tree,>=24,,"M9,L8,L9",11/10/2010,2
233,15,Liquidambar styraciflua,Tree,>=24,,"M9,L8,L9",11/10/2010,2
234,5,Salix nigra,Tree,>=24,,"M9,L8,L9",11/10/2010,2
235,3,Sassafras albidum,Tree,>=24,,"M9,L8,L9",11/10/2010,2
236,19,Dennstaedtia punctiloba,Herb,n/a,,L9,11/11/2010,
237,24,Acer rubrum,Tree,>=24,Twin Lakes,,4/30/2011,20
238,20,Salix nigra,Tree,>=24,Twin Lakes,,4/30/2011,20
239,160,Aralia racemosa,Herb,n/a,North of Stone Mill Terrace,,5/4/2011,4
240,114,Asclepias incarnata,Herb,n/a,North of Stone Mill Terrace,,5/4/2011,4
241,190,Carex grayii,Herb,n/a,North of Stone Mill Terrace,,5/4/2011,4
242,160,Carex pennsylvanica,Herb,n/a,North of Stone Mill Terrace,,5/4/2011,4
243,96,Polystichum acrostichoides,Herb,n/a,North of Stone Mill Terrace,,5/4/2011,4
244,48,Verbesina alternifolia,Herb,n/a,North of Stone Mill Terrace,,5/4/2011,4
245,10,Cephalanthus occidentalis,Shrub,<24,North of Stone Mill Terrace,,5/4/2011,4
246,7,Clethra alnifolia,Shrub,<24,North of Stone Mill Terrace,,5/4/2011,4
247,43,Vaccinium angustifolium,Shrub,<24,North of Stone Mill Terrace,,5/4/2011,4
248,1,Cornus sericea,Shrub,>=24,North of Stone Mill Terrace,,5/4/2011,4
249,4,Hamemelis virginiana (1 'Champlin's Red'),Shrub,>=24,North of Stone Mill Terrace,,5/4/2011,4
250,2,Cornus florida,Tree,>=24,North of Stone Mill Terrace,,5/4/2011,4
251,5,Cornus florida,Tree,>=24,North of Stone Mill Terrace,,5/4/2011,4
252,13,Aralia racemosa,Herb,n/a,,L13,5/27/2011,
253,24,Parthenocissus quinquefolia,Herb,n/a,,L13,5/27/2011,
254,40,Geum canadense,Herb,n/a,,L13,5/27/2011,
255,32,Polygonum virginianum,Herb,n/a,,L13,5/27/2011,
256,32,Aster cordifolius,Herb,n/a,,L13,5/27/2011,
257,40,Eurybia divaricata,Herb,n/a,,L13,5/27/2011,
258,7,Liquidambar styraciflua,Tree,>=24,,L13,5/27/2011,
259,2,Quercus bicolor,Tree,>=24,,L13,5/27/2011,
260,7,Cornus florida,Tree,>=24,,L13,5/27/2011,
261,24,Aralia racemosa,Herb,n/a,,L13,5/31/2011,
262,41,Parthenocissus quinquefolia,Herb,n/a,,L13,5/31/2011,
263,24,Geum canadense,Herb,n/a,,L13,5/31/2011,
264,30,Polygonum virginianum,Herb,n/a,,L13,5/31/2011,
265,32,Aster cordifolius,Herb,n/a,,L13,5/31/2011,
266,24,Eurybia divaricata,Herb,n/a,,L13,5/31/2011,
267,20,Aralia racemosa,Herb,n/a,,L13,6/1/2011,
268,23,Geum canadense,Herb,n/a,,L13,6/1/2011,
269,28,Polygonum virginianum,Herb,n/a,,L13,6/1/2011,
270,32,Eurybia divaricata,Herb,n/a,,L13,6/1/2011,
271,12,Aralia racemosa,Herb,n/a,,"L14,L15,M15,M16",6/2/2011,
272,32,Parthenocissus quinquefolia,Herb,n/a,,"L14,L15,M15,M16",6/2/2011,
273,24,Geum canadense,Herb,n/a,,"L14,L15,M15,M16",6/2/2011,
274,50,Polygonum virginianum,Herb,n/a,,"L14,L15,M15,M16",6/2/2011,
275,20,Aster cordfolius,Herb,n/a,,"L14,L15,M15,M16",6/2/2011,
276,32,Eurybia divaricata,Herb,n/a,,"L14,L15,M15,M16",6/2/2011,
277,5,Aralia racemosa,Herb,n/a,,"M16,N17,N18",6/3/2011,
278,10,Parthenocissus quinquefolia,Herb,n/a,,"M16,N17,N18",6/3/2011,
279,10,Geum canadense,Herb,n/a,,"J13,M16,N17,N18",6/3/2011,
280,20,Polygonum virginianum,Herb,n/a,,"M16,N17,N18",6/3/2011,
281,15,Aster cordfolius,Herb,n/a,,"J13,M16,N17,N18",6/3/2011,
282,32,Eurybia divaricata,Herb,n/a,,M9,6/7/2011,
283,32,Geum canadense,Herb,n/a,,M9,6/7/2011,
284,32,Parthenocissus quinquefolia,Herb,n/a,,M9,6/7/2011,
285,32,Polygonum virginianum,Herb,n/a,,M9,6/7/2011,
286,13,Aralia racemosa,Herb,n/a,,M9,6/8/2011,
287,62,Aster cordifolius,Herb,n/a,,M9,6/8/2011,
288,32,Eurybia divaricata,Herb,n/a,,M9,6/8/2011,
289,62,Geum canadense,Herb,n/a,,M9,6/8/2011,
290,22,Parthenocissus quinquefolia,Herb,n/a,,M9,6/8/2011,
291,32,Polygonum virginianum,Herb,n/a,,M9,6/8/2011,
292,8,Aralia racemosa,Herb,n/a,,M10,6/9/2011,
293,25,Aster cordifolius,Herb,n/a,,M10,6/9/2011,
294,37,Eurybia divaricata,Herb,n/a,,M10,6/9/2011,
295,10,Geum canadense,Herb,n/a,,M10,6/9/2011,
296,32,Polygonum virginianum,Herb,n/a,,M10,6/9/2011,
297,14,Aralia racemosa,Herb,n/a,,N11,6/10/2011,
298,17,Aster cordifolius,Herb,n/a,,N11,6/10/2011,
299,34,Eurybia divaricata,Herb,n/a,,N11,6/10/2011,
300,32,Geum canadense,Herb,n/a,,N11,6/10/2011,
301,24,Parthenocissus quinquefolia,Herb,n/a,,N11,6/10/2011,
302,8,Aralia racemosa,Herb,n/a,,N11,6/11/2011,
303,12,Aster cordifolius,Herb,n/a,,N11,6/11/2011,
304,8,Eurybia divaricata,Herb,n/a,,N11,6/11/2011,
305,10,Geum canadense,Herb,n/a,,N11,6/11/2011,
306,15,Parthenocissus quinquefolia,Herb,n/a,,N11,6/11/2011,
307,8,Polygonum virginianum,Herb,n/a,,N11,6/11/2011,
308,9,Aralia racemosa,Herb,n/a,,K7,6/13/2011,
309,44,Aster cordifolius,Herb,n/a,,K7,6/13/2011,
310,24,Eurybia divaricata,Herb,n/a,,K7,6/13/2011,
311,22,Geum canadense,Herb,n/a,,K7,6/13/2011,
312,61,Parthenocissus quinquefolia,Herb,n/a,,K7,6/13/2011,
313,24,Polygonum virginianum,Herb,n/a,,K7,6/13/2011,
314,65,Elymus hystrix,Herb,n/a,,J18,6/14/2011,
315,3,Cornus florida,Tree,>=24,,J18,6/14/2011,
316,3,Liquidambar styraciflua,Tree,>=24,,J18,6/14/2011,
317,6,Liquidambar styraciflua,Tree,>=24,,L7,10/6/2011,
318,4,Quercus velutina,Tree,>=24,,L7,10/6/2011,
319,8,Cornus florida,Tree,>=24,,L7,10/6/2011,
320,4,Liquidambar styraciflua,Tree,>=24,,L7,10/7/2011,
321,5,Quercus velutina,Tree,>=24,,L7,10/7/2011,
322,1,Cornus florida,Tree,>=24,,L7,10/7/2011,
323,15,Liquidambar styraciflua,Tree,>=24,,L8,10/11/2011,
324,4,Quercus velutina,Tree,>=24,,L8,10/11/2011,
325,16,Cornus florida,Tree,>=24,,L8,10/11/2011,
326,38,Solidago caesia,Herb,,,L8,10/12/2011,
327,38,Aster cordifolius,Herb,,,L8,10/12/2011,
328,38,Aster divaricatus,Herb,,,L8,10/12/2011,
329,38,Aster novi-beligii,Herb,,,L8,10/12/2011,
330,32,Geranium maculatum,Herb,,,L8,10/12/2011,
331,32,Solidago canadensis,Herb,,,L8,10/12/2011,
332,32,Solidago odora,Herb,,,L8,10/12/2011,
333,32,Solidago rugosa,Herb,,,L8,10/12/2011,
334,32,Dennstaedtia punctiloba,Herb,,,L8,10/12/2011,
335,38,Andropogon virginicus,Herb,,,L8,10/12/2011,
336,18,Liriodendron tulipifera,Tree,?24,,L8,10/12/2011,
337,24,Carya tomentosa,Tree,?24,,L8,10/12/2011,
338,12,Carex swannii,Herb,,,"L7,L8",10/13/2011,
339,10,Aralia racemosa,Herb,,,"L7,L8",10/13/2011,
340,8,Solidago rugosa,Herb,,,"L7,L8",10/13/2011,
341,11,Solidago odora,Herb,,,"L7,L8",10/13/2011,
342,6,Solidago canadensis,Herb,,,"L7,L8",10/13/2011,
343,6,Dennstaedtia punctiloba,Herb,,,"L7,L8",10/13/2011,
344,11,Aster cordifolius,Herb,,,"L7,L8",10/13/2011,
345,5,Aster novi-beligii,Herb,,,"L7,L8",10/13/2011,
346,8,Aster divaricatus,Herb,,,"L7,L8",10/13/2011,
347,16,Carex lurida,Herb,,,"L7,L8",10/14/2011,
348,22,Carex swannii,Herb,,,"L7,L8",10/14/2011,
349,20,Aster cordifolius,Herb,,,,10/14/2011,
350,18,Aster divaricatus,Herb,,,,10/14/2011,
351,17,Aster novi-beligii,Herb,,,,10/14/2011,
352,22,Monarda fistulosa,Herb,,,,10/14/2011,
353,23,Dennstaedtia punctiloba,Herb,,,,10/14/2011,
354,18,Solidago rugosa,Herb,,,,10/14/2011,
355,21,Solidago odora,Herb,,,,10/14/2011,
356,12,Solidago canadensis,Herb,,,,10/14/2011,
357,10,Aesclepias syriaca,Herb,,,,10/14/2011,
358,20,Andropogon virginicus,Herb,,,,10/14/2011,
359,24,Geranium maculatum,Herb,,,,10/14/2011,
360,20,Aralia racemosa,Herb,,,,10/14/2011,
361,8,Carya tomentosa,Tree,?24,,"L7,L8",10/14/2011,
362,9,Liriodendron tulipifera,Tree,?24,,"L7,L8",10/14/2011,
363,7,Osmunda cinnamomea,Herb,,,,10/17/2011,
364,5,Polystichum acrostichoides,Herb,,,,10/17/2011,
365,2,Dryopteris marginalis,Herb,,,,10/17/2011,
366,5,Thelpteris palustris,Herb,,,,10/17/2011,
367,5,Aralia nudicaulis,Herb,,,,10/17/2011,
368,7,Athryium filix-fenima,Herb,,,,10/17/2011,
369,8,Castanea dentata,Tree,?24,,,10/17/2011,
370,8,Quercus velutina,Tree,?24,,,10/17/2011,
371,3,Liquidambar styraciflua,Tree,?24,,,10/17/2011,
372,3,Cornus florida,Tree,?24,,,10/17/2011,
373,340,Rudbeckia laciniata,Herb,,,,10/24/2011,
374,45,Staphylea trifolia,Shrub,,,,10/24/2011,
375,18,Aralia racemosa,Herb,,,,10/25/2011,
376,40,,Herb,,,,10/25/2011,
377,7,,Herb,,,,10/25/2011,
378,25,,Herb,,,,10/25/2011,
379,18,,Herb,,,,10/25/2011,
380,54,,Herb,,,,10/25/2011,
381,43,,Herb,,,,10/25/2011,
382,12,,Herb,,,,10/25/2011,
383,10,,Herb,,,,10/25/2011,
384,24,,Herb,,,,10/25/2011,
385,19,,Herb,,,,10/25/2011,
386,32,,Herb,,,,10/25/2011,
387,36,Lindera benzoin,Shrub,?24,,,10/25/2011,
388,15,Corylus americana,Shrub,?24,,,10/25/2011,
389,2,Hamamelis virginiana,Shrub,?24,,,10/25/2011,
390,8,Liriodendron tulipifera,Tree,?24,,,10/25/2011,
391,8,Cornus florida,Tree,?24,,,10/25/2011,
392,8,Liquidambar styraciflua,Tree,?24,,,10/25/2011,
393,46,Aralia racemosa,Herb,?24,,,10/26/2011,
394,56,,Herb,,,,10/26/2011,
395,25,,Herb,,,,10/26/2011,
396,32,,Herb,,,,10/26/2011,
397,78,,Herb,,,,10/26/2011,
398,40,,Herb,,,,10/26/2011,
399,78,,Herb,,,,10/26/2011,
400,52,,Herb,,,,10/26/2011,
401,10,,Herb,,,,10/26/2011,
402,30,,Herb,,,,10/26/2011,
403,29,,Herb,,,,10/26/2011,
404,36,,Herb,,,,10/26/2011,
405,32,,Herb,,,,10/26/2011,
406,44,,Herb,,,,10/26/2011,
407,36,Lindera benzoin,Shrub,?24,,,10/26/2011,
408,15,Corylus americana,Shrub,?24,,,10/26/2011,
409,34,Hamamelis virginiana,Shrub,?24,,,10/26/2011,
410,28,Liriodendron tulipifera,Tree,?24,,,10/26/2011,
411,6,Cornus florida,Tree,?24,,,10/26/2011,
412,12,Liquidambar styraciflua,Tree,?24,,,10/26/2011,
413,10,Lindera benzoin,Shrub,?24,,,10/28/2011,
414,15,Staphylea trifolia,Shrub,?24,,,10/28/2011,
415,10,Liriodendron tulipifera,Tree,?24,,,10/28/2011,
416,10,Hamamelis virginiana,Shrub,?24,,,10/28/2011,
417,39,Quercus bicolor,Tree,?24,,M20,10/28/2011,
418,18,Carex crinita,Herb,,,"L8,L9",5/17/2012,
419,8,Monarda fistulosa,Herb,,,"L8,L9",5/17/2012,
420,8,Geranium maculatum,Herb,,,"L8,L9",5/17/2012,
421,4,Solidago rugosa,Herb,,,"L8,L9",5/17/2012,
422,4,Solidago odora,Herb,,,"L8,L9",5/17/2012,
423,6,Aster novi-beligii,Herb,,,"L8,L9",5/17/2012,
424,11,Aesclepias syriaca,Herb,,,"L8,L9",5/17/2012,
425,6,Aster cordifolius,Herb,,,"L8,L9",5/17/2012,
426,180,Rudbeckia laciniata,Herb,,,N20,5/15/2012,
427,180,Rudbeckia laciniata,Herb,,,N20,5/16/2012,
428,4,Corylus americana,Shrub,,,K9,9/13/2012,0
429,4,Quercus velutina,Tree,?24,,K9,9/13/2012,0
430,8,Staphylea trifolia,Shrub,,,K9,9/13/2012,
431,13,Lindera benzoin,Shrub,,,K9,9/14/2012,
432,3,Liquidambar styraciflua,Tree,?24,,K9,9/14/2012,
433,2,Cornus florida,Tree,?24,,K9,9/14/2012,
434,4,Staphylea trifolia,Shrub,,,K9,9/14/2012,
435,72,Saururus cernuus,Herb,,,L9,9/21/2012,1
436,14,Aesclepias syriaca,Herb,,,L9,9/21/2012,1
437,25,Rudbeckia laciniata,Herb,,,L9,9/21/2012,1
438,17,Saururus cernuus,Herb,,,K9,9/28/2012,1
439,10,Carex amphibola,Herb,,,K9,9/28/2012,1
440,20,Juncus effusus,Herb,,,K9,9/28/2012,1
441,3,Asplenium platyneron,Herb,,,K9,9/28/2012,1
442,19,Carex lurida,Herb,,,K9,9/28/2012,1
443,17,Caltha palustris,Herb,,,K9,9/28/2012,1
444,3,Osmunda regalis,Herb,,,K9,9/28/2012,1
445,32,Onoclea sensibilis,Herb,,,K9,9/28/2012,1
446,22,Carex amphibola,Herb,,,K9,10/1/2012,1
447,33,Juncus effusus,Herb,,,K9,10/1/2012,1
448,3,Asplenium platyneron,Herb,,,K9,10/1/2012,1
449,23,Carex lurida,Herb,,,K9,10/1/2012,1
450,27,Caltha palustris,Herb,,,K9,10/1/2012,1
451,9,Osmunda regalis,Herb,,,K9,10/1/2012,1
452,11,Iris versicolor,Herb,,,K9,10/1/2012,1
453,5,Carex amphibola,Herb,,,K9,10/2/2012,1
454,6,Asplenium platyneron,Herb,,,K9,10/2/2012,1
455,12,Carex lurida,Herb,,,K9,10/2/2012,1
456,27,Carex amphibola,Herb,,,K9,10/3/2012,0
457,40,Juncus effusus,Herb,,,K9,10/3/2012,0
458,18,Carex lurida,Herb,,,K9,10/3/2012,0
459,43,Caltha palustris,Herb,,,K9,10/3/2012,0
460,2,Osmunda regalis,Herb,,,K9,10/3/2012,0
461,32,Onoclea sensibilis,Herb,,,K9,10/3/2012,0
462,87,Lobelia siphilitica,Herb,,,K10,10/9/2012,1
463,23,Osmunda regalis,Herb,,,"K9,K10",10/9/2012,1
464,2,Asplenium platyneron,Herb,,,K9,10/9/2012,1
465,72,Carex amphibola,Herb,,,"K9,K10",10/9/2012,1
466,44,Carex lurida,Herb,,,"K9,K10",10/9/2012,1
467,123,Juncus effusus,Herb,,,"K9,K10",10/9/2012,1
468,63,Onoclea sensibilis,Herb,,,"K9,K10",10/9/2012,1
469,13,Aster divaricatus,Herb,,,"K9,K10",10/9/2012,1
470,8,Solidago caesia,Herb,,,"K9,K10",10/9/2012,1
471,25,Iris versicolor,Herb,,,"K9,K10",10/9/2012,1
472,4,Polystichum acrostichoides,Herb,,,"K9,K10",10/9/2012,1
473,5,Viburnum prunifolium,Shrub,,,"K9,K10",10/9/2012,1
474,17,Staphylea trifolia,Shrub,,,"K9,K10",10/9/2012,1
475,4,Lindera benzoin,Shrub,,,"K9,K10",10/9/2012,1
476,4,Ostrya virginiana,Tree,?24,,"K9,K10",10/9/2012,1
477,50,Caltha palustris,Herb,,,"K9,K10",10/9/2012,1
478,13,Osmunda regalis,Herb,,,"K9,K10",10/16/2012,1
479,19,Sambucus canadensis,Shrub,,,"K9,K10",10/16/2012,1
480,9,Onoclea sensibilis,Herb,,,"K9,K10",10/16/2012,1
481,34,Juncus effusus,Herb,,,"K9,K10",10/16/2012,1
482,62,Carex grayii,Herb,,,"K9,K10",10/16/2012,1
483,136,Carex amphibola,Herb,,,"K9,K10",10/16/2012,1
484,1,Viburnum dentatum,Shrub,,,"K9,K10",10/16/2012,1
485,13,Aster divaricatus,Herb,,,"K9,K10",10/16/2012,1
486,22,Solidago caesia,Herb,,,"K9,K10",10/16/2012,1
487,15,Aster cordifolius,Herb,,,"K9,K10",10/16/2012,1
488,28,Carex lurida,Herb,,,"K9,K10",10/16/2012,1
489,6,Viburnum prunifolium,Shrub,,,"K9,K10",10/16/2012,1
490,5,Nyssa sylvatica,Tree,?24,,"K9,K10",10/16/2012,1
491,2,Liriodendron tulipifera,Tree,<24,,"K9,K10",10/16/2012,1
492,8,Athryium filix-fenima,Herb,,,"K9,K10",10/16/2012,1
493,8,Caltha palustris,Herb,,,"K9,K10",10/16/2012,1
494,1,Cornus florida,Tree,<24,,"K9,K10",10/16/2012,1
495,12,Geranium maculatum,Herb,,,"K9,K10",10/16/2012,1
496,13,Onoclea sensibilis,Herb,,,K9,10/17/2012,0
497,29,Juncus effusus,Herb,,,K9,10/17/2012,0
498,66,Carex grayii,Herb,,,K9,10/17/2012,0
499,49,Carex amphibola,Herb,,,K9,10/17/2012,0
500,2,Aster divaricatus,Herb,,,K9,10/17/2012,0
501,16,Solidago caesia,Herb,,,K9,10/17/2012,0
502,2,Viburnum prunifolium,Shrub,,,K9,10/17/2012,0
503,1,Nyssa sylvatica,Tree,?24,,K9,10/17/2012,0
504,1,Cornus florida,Tree,<24,,K9,10/17/2012,0
505,4,Geranium maculatum,Herb,,,K9,10/17/2012,0
506,8,Aster novi-beligii,Herb,,,K9,10/17/2012,0
507,3,Clethra alnifolia,Shrub,,,K9,10/17/2012,0
508,23,Vernonia noveboracensis,Herb,,,K9,10/17/2012,0
509,14,Carex vulpinoidea,Herb,,,K9,10/17/2012,0
510,15,Liquidambar styraciflua,Tree,?24,,"K8,K9",10/18/2012,20
511,3,Cornus florida,Tree,<24,,"K8,K9",10/22/2012,0
512,3,Cornus alternifolia,Tree,?24,,"K8,K9",10/22/2012,0
513,3,Cornus amomum,Shrub,?24,,"K8,K9",10/22/2012,0
514,1,Viburnum dentatum,Shrub,?24,,"K8,K9",10/22/2012,0
515,1,Solidago caesia ,Herb,,,"K8,K9",10/22/2012,0
516,31,Carex amphibola,Herb,,,"K8,K9",10/22/2012,0
517,1,Liquidambar styraciflua,Tree,?24,,"K8,K9",10/22/2012,0
518,2,Aster novi-beligii,Herb,,,"K8,K9",10/22/2012,0
519,62,Saururus cernuus,Herb,,,"K8,K9",10/22/2012,0
520,30,Carex vulpinoidea,Herb,,,"K8,K9",10/22/2012,0
521,2,Carpinus caroliniana,Tree,?24,,"K8,K9",10/22/2012,0
522,5,Clethra alnifolia,Shrub,?24,,"K8,K9",10/22/2012,0
523,5,Sambucus canadensis,Shrub,?24,,"K8,K9",10/22/2012,0
524,35,Vernonia noveboracensis,Herb,,,"K8,K9",10/22/2012,0
525,1,Cornus alternifolia,Tree,?24,,K9,10/23/2012,1
526,3,Cornus amomum,Shrub,?24,,K9,10/23/2012,1
527,16,Carex amphibola,Herb,,,K9,10/23/2012,1
528,30,Carex vulpinoidea,Herb,,,K9,10/23/2012,1
529,1,Clethra alnifolia,Shrub,?24,,K9,10/23/2012,1
530,2,Sambucus canadensis,Shrub,?24,,K9,10/23/2012,1
531,22,Vernonia noveboracensis,Herb,,,K9,10/23/2012,1
532,31,Carex grayii,Herb,,,K9,10/23/2012,1
533,5,Cornus florida,Tree,<24,,K9,10/24/2012,1
534,5,Cornus alternifolia,Tree,?24,,K9,10/24/2012,1
535,10,Cornus amomum,Shrub,?24,,K9,10/24/2012,1
536,16,Carex amphibola,Herb,,,K9,10/24/2012,1
537,3,Liquidambar styraciflua,Tree,?24,,K9,10/24/2012,1
538,6,Carex vulpinoidea,Herb,,,K9,10/24/2012,1
539,1,Carpinus caroliniana,Tree,?24,,K9,10/24/2012,1
540,3,Clethra alnifolia,Shrub,?24,,K9,10/24/2012,1
541,10,Sambucus canadensis,Shrub,?24,,K9,10/24/2012,1
542,55,Vernonia noveboracensis,Herb,,,K9,10/24/2012,1
543,31,Carex grayii,Herb,,,K9,10/24/2012,1
544,27,Solidago caesia,Herb,,,"K8,K9",10/25/2012,1
545,3,Carex amphibola,Herb,,,"K8,K9",10/25/2012,1
546,10,Aster novi-beligii,Herb,,,"K8,K9",10/25/2012,1
547,22,Saururus cernuus,Herb,,,"K8,K9",10/25/2012,1
548,53,Carex vulpinoidea,Herb,,,"K8,K9",10/25/2012,1
549,9,Vernonia noveboracensis,Herb,,,"K8,K9",10/25/2012,1
550,35,Carex grayii,Herb,,,"K8,K9",10/25/2012,1
551,3,Cornus amomum,Shrub,?24,,"K8,K9",10/26/2012,1
552,3,Solidago caesia,Herb,,,"K8,K9",10/26/2012,1
553,13,Carex amphibola,Herb,,,"K8,K9",10/26/2012,1
554,5,Aster novi-beligii,Herb,,,"K8,K9",10/26/2012,1
555,153,Saururus cernuus,Herb,,,"K8,K9",10/26/2012,1
556,1,Carpinus caroliniana,Tree,?24,,"K8,K9",10/26/2012,1
557,4,Clethra alnifolia,Shrub,?24,,"K8,K9",10/26/2012,1
558,9,Carex grayii,Herb,,,"K8,K9",10/26/2012,1
559,23,Aster divaricatus,Herb,,,K9,10/23/2012,1
560,19,Onoclea sensibilis,Herb,,,K9,10/23/2012,1
561,32,Iris versicolor,Herb,,,K9,10/23/2012,1
562,20,Juncus effusus,Herb,,,K9,10/23/2012,1
563,10,Solidago odora,Herb,,,K9,10/23/2012,1
564,34,Carex crinita,Herb,,,K9,10/23/2012,1
565,26,Athryium filix-fenima,Herb,,,K9,10/23/2012,1
566,6,Aster divaricatus,Herb,,,K9,10/24/2012,1
567,10,Iris versicolor,Herb,,,K9,10/24/2012,1
568,16,Carex crinita,Herb,,,K9,10/24/2012,1
569,16,Athryium filix-fenima,Herb,,,K9,10/24/2012,1
570,16,Asplenium platyneron,Herb,,,K9,10/24/2012,1
571,5,Viburnum prunifolium,Shrub,?24,,K9,10/24/2012,1
572,30,Aster divaricatus,Herb,,,"K8,K9",10/25/2012,1
573,12,Iris versicolor,Herb,,,"K8,K9",10/25/2012,1
574,13,Solidago caesia,Herb,,,"K8,K9",10/25/2012,1
575,100,Carex crinita,Herb,,,"K8,K9",10/25/2012,1
576,27,Athryium filix-fenima,Herb,,,"K8,K9",10/25/2012,1
577,14,Asplenium platyneron,Herb,,,"K8,K9",10/25/2012,1
578,10,Polystichum acrostichoides,Herb,,,"K8,K9",10/25/2012,1
579,12,Carex aggregata,Herb,,,"K8,K9",10/25/2012,1
580,2,Dennstaedtia punctiloba,Herb,,,"K8,K9",10/25/2012,1
581,11,Solidago odora,Herb,,,"K8,K9",10/26/2012,1
582,30,Athryium filix-fenima,Herb,,,"K8,K9",10/26/2012,1
583,1,Viburnum prunifolium,Shrub,?24,,"K8,K9",10/26/2012,1
584,7,Aster cordifolius,Herb,,,"K8,K9",10/26/2012,1
585,19,Aralia racemosa,Herb,,,"K8,K9",10/26/2012,1
586,6,Aralia racemosa,Herb,,,"K8,K9",10/26/2012,1
587,15,Carex cephalaphora,Herb,,,"K8,K9",10/26/2012,1
588,64,Dryopteris marginalis,Herb,,,L9,11/4/2012,
589,32,Athryium filix-fenima,Herb,,,L9,11/4/2012,
590,129,Thelpteris palustris,Herb,,,L9,11/4/2012,
591,89,Schizachryium scoparium,Herb,,,L9,11/4/2012,
592,38,Aster cordifolius,Herb,,,L9,11/4/2012,
593,57,Aster divaricatus,Herb,,,L9,11/4/2012,
594,30,Carex vulpinoidea,Herb,,,L9,11/4/2012,
595,32,Polystichum acrostichoides,Herb,,,L9,11/4/2012,
596,36,Carex lurida,Herb,,,L9,11/4/2012,
597,20,Solidago canadensis,Herb,,,L9,11/4/2012,
598,38,Andropogon virginicus,Herb,,,L9,11/4/2012,
599,36,Carex crinita,Herb,,,L9,11/4/2012,
600,6,Liquidambar styraciflua,Tree,,,M9,5/2/2013,
601,7,Cornus florida,Tree,,,M9,5/2/2013,
602,4,Asplenium platyneron,Herb,,,L9,5/2/2013,
603,40,Iris versicolor,Herb,,,L9,5/2/2013,
604,17,Carex plantaginea,Herb,,,L9,5/2/2013,
605,3,Carex debilis,Herb,,,L9,5/2/2013,
606,10,Carex vulpinoidea,Herb,,,L9,5/2/2013,
607,23,Liquidambar styraciflua,Tree,,,M9,5/3/2013,
608,2,Liquidambar styraciflua,Tree,,,L9,5/7/2013,
609,3,Cornus florida,Tree,,,L9,5/7/2013,
610,13,Asplenium platyneron,Herb,,,K9,5/7/2013,
611,92,Iris versicolor,Herb,,,K9,5/7/2013,
612,54,Carex plantaginea,Herb,,,"K9,L9",5/7/2013,
613,5,Solidago odora,Herb,,,K9,5/7/2013,
614,23,Aster divaricatus,Herb,,,"K9,L9",5/7/2013,
615,172,Carex platyphylla,Herb,,,"K9,L9",5/7/2013,
616,3,Thelpteris palustris,Herb,,,K9,5/7/2013,
617,6,Dennstaedtia punctiloba,Herb,,,K9,5/7/2013,
618,14,Carex grayii,Herb,,,K9,5/7/2013,
619,8,Carex vulpinoidea,Herb,,,K9,5/7/2013,
620,10,Viburnum acerifolium,Shrub,,,K9,5/7/2013,
621,11,Liquidambar styraciflua,Tree,,,M9,5/10/2013,
622,3,Liquidambar styraciflua,Tree,,,"K9,L9",5/13/2013,
623,129,Carex plataginea,Herb,,,"K9,L9",5/13/2013,
624,10,Solidago odora,Herb,,,"K9,L9",5/13/2013,
625,80,Carex platyphylla,Herb,,,"K9,L9",5/13/2013,
626,10,Thelpteris palustris,Herb,,,"K9,L9",5/13/2013,
627,14,Viburnum acerifolium,Shrub,,,"K9,L9",5/13/2013,
628,45,Aster novi-beligii,Herb,,,"K9,L9",5/15/2013,
629,15,Solidago caesia,Herb,,,"K9,L9",5/15/2013,
630,15,Aralia racemosa,Herb,,,K9,5/15/2013,
631,2,Betula lenta,Tree,,,K9,5/15/2013,
632,25,Solidago rugosa,Herb,,,"K9,L9",5/15/2013,
633,13,Solidago canadensis,Herb,,,"K9,L9",5/15/2013,
634,2,Liquidambar styraciflua,Tree,,,M9,5/15/2013,
635,1,Cornus florida,Tree,,,M9,5/15/2013,
636,1,Carpinus caroliniana,Tree,,,M9,5/15/2013,
637,2,Quercus alba,Tree,,,M9,5/15/2013,
638,7,Quercus rubra,Tree,,,M9,5/15/2013,
639,4,Aesculus parviflora,Shrub,,,M9,5/15/2013,
640,15,Acer saccharinum,Tree,<24,,N20,5/28/2013,
641,2,Sambucus canadensis,Shrub,?24,,N20,5/28/2013,
642,25,Acer saccharinum,Tree,<24,,N20,5/29/2013,
643,4,Sambucus canadensis,Shrub,<24,,N20,5/29/2013,
644,13,Staphylea trifolia,Shrub,<24,,N20,5/29/2013,
645,30,Rudbeckia laciniata,Herb,<24,,N20,5/29/2013,
646,8,Acer saccharinum,Tree,<24,,"K9,K10",6/4/2013,
647,4,Sambucus canadensis,Shrub,,,"K9,K10",6/4/2013,
648,56,Staphylea trifolia,Shrub,<24,,"K9,K10",6/4/2013,
649,19,Solidago odora,Herb,,,"K9,K10",6/4/2013,
650,66,Carex platyphylla,Herb,,,"K9,K10",6/4/2013,
651,126,Carex plataginea,Herb,,,"K9,K10",6/4/2013,
652,52,Solidago canadensis,Herb,,,"K9,K10",6/4/2013,
653,2,Lobelia siphilitica,Herb,,,"K9,K10",6/4/2013,
654,2,Cornus florida,Tree,?24,,"K9,K10",6/4/2013,
655,1,Viburnum acerifolium,Shrub,?24,,"K9,K10",6/4/2013,
656,6,Viburnum prunifolim,Shrub,?24,,"K9,K10",6/4/2013,
657,1,Cornus alternifolia,Tree,?24,,"K9,K10",6/4/2013,
658,1,Betula lenta,Tree,<24,,"K9,K10",6/4/2013,
659,11,Quercus rubra,Tree,<24,,"K9,K10",6/4/2013,
660,23,Acer saccharinum,Tree,<24,,N20,6/5/2013,
661,41,Staphylea trifolia,Shrub,<24,,N20,6/5/2013,
662,11,Rudbeckia laciniata,Herb,,,N20,6/5/2013,
663,2,Quercus alba,Tree,<24,,"K9,K10",6/4/2013,
664,2,Monarda fistulosa,Herb,,,"K9,K10",6/4/2013,
665,6,Aralia racemosa,Herb,,,"K9,K10",6/4/2013,
666,4,Aralia nudicaulis,Herb,,,"K9,K10",6/4/2013,
667,30,Eupatorium perfoliatum,Herb,,,"K9,K10",6/4/2013,
668,24,Dennstaedtia punctiloba,Herb,,,"K9,K10",6/4/2013,
669,4,Carya tomentosa,Tree,<24,,"K9,K10",6/4/2013,
670,4,Carya cordiformis,Tree,<24,,N20,6/5/2013,
671,2,Liriodendron tulipifera,Tree,<24,,N20,6/5/2013,
672,19,Lindera benzoin,Shrub,<24,,N20,8/7/2013,
673,21,Lindera benzoin,Shrub,<24,,N20,9/26/2013,
674,30,Verbesina alternifolia,Herb,,,N20,8/7/2013,
675,172,Verbesina alternifolia,Herb,,,N20,9/26/2013,
676,7,Quercus bicolor,Tree,<24,,N20,8/7/2013,
677,13,Quercus bicolor,Tree,<24,,N20,9/26/2013,
678,43,Rudbeckia laciniata,Herb,,,N20,9/26/2013,
679,20,Hibiscus moschuetos,Herb,,,M20,10/31/2013,
680,25,Hibiscus moschuetos,Herb,,,O16,10/31/2013,
681,35,Verbesina alternifolia,Herb,,,M20,10/31/2013,
682,68,Verbesina alternifolia,Herb,,,"M19,N19",10/31/2013,
683,13,Verbesina alternifolia,Herb,,,M15,11/1/2013,
684,7,Verbesina alternifolia,Herb,,,K10,11/2/2013,
685,12,Quercus alba,Tree,<24,,M20,10/31/2013,
686,11,Quercus alba,Tree,<24,,"M19,N19",10/31/2013,
687,8,Quercus alba,Tree,<24,,M15,11/1/2013,
688,10,Carex plantaginea,Herb,,,M20,10/31/2013,
689,25,Carex plantaginea,Herb,,,O16,10/31/2013,
690,12,Carex plantaginea,Herb,,,K10,11/2/2013,
691,16,Lindera benzoin,Shrub,<24,,"M19,N19",10/31/2013,
692,9,Lindera benzoin,Shrub,<24,,M15,11/1/2013,
693,14,Lindera benzoin,Shrub,<24,,K10,11/2/2013,
694,1,Quercus palustris,Tree,<24,,"M19,N19",10/31/2013,
695,2,Aesculus parviflora,Shrub,<24,,K10,11/2/2013,
696,1,Quercus palustris,Tree,<24,,O16,10/31/2013,
697,34,Asplenium platyneron,Herb,,,"M9,M10",11/4/2013,
698,8,Carex plantaginea,Herb,,,"M9,M10",11/4/2013,
699,1,Vaccinium angustifolium,Shrub,<24,,M11,11/4/2013,
700,96,Carex pensylvanica,Herb,,,M10,7/15/2014,4
701,150,Carex vulpinoidea,Herb,,,M10,7/15/2014,4
702,48,Geranium maculatum,Herb,,,M10,7/15/2014,4
703,50,Monarda fistulosa,Herb,,,M10,7/15/2014,4
704,100,Solidago odora,Herb,,,M10,7/15/2014,4
705,10,Carex pensylvanica,Herb,,,L13,10/14/2014,
706,2,Aralia racemosa,Herb,,,L13,10/14/2014,
707,35,Carex pensylvanica,Herb,,,"L13,M12",10/16/2014,
708,29,Aralia racemosa,Herb,,,"L13,M12",10/16/2014,
709,50,Solidago odora,Herb,,,"L13,M12",10/16/2014,
710,72,Acer saccharinum,Tree,<24,,"M20,N20",10/15/2014,
711,30,Rudbeckia laciniata,Herb,,,"M20,N20",10/15/2014,
712,25,Hibiscus moschuetos,Herb,,,"M20,N20",10/15/2014,
713,107,Acer saccharinum,Tree,<24,,"M20,N20,N19",10/17/2014,
714,40,Rudbeckia laciniata,Herb,,,"M20,N20,N19",10/17/2014,
715,11,Hibiscus moschuetos,Herb,,,"M20,N20,N19",10/17/2014,
716,62,Carex pensylvanica,Herb,,,"L13,M12",10/21/2014,
717,30,Aralia racemosa,Herb,,,"L13,M12",10/21/2014,
718,47,Solidago odora,Herb,,,"L13,M12",10/21/2014,
719,16,Aralia racemosa,Herb,,,"L17,18",10/22/2014,
720,24,Verbesina alternifolia,Herb,,,"L17,18",10/22/2014,
721,81,Quercus rubra,Tree,<24,,"L17,18",10/22/2014,
722,87,Acer rubrum,Tree,<24,,"L17,18",10/22/2014,
723,16,Aralia racemosa,Herb,,,"L17,18",10/28/2014,
724,45,Quercus rubra,Tree,<24,,"L17,18",10/28/2014,
725,121,Acer rubrum,Tree,<24,,"L17,18",10/28/2014,
726,11,Quercus alba,Tree,<24,,"L17,18",10/28/2014,
727,2,Verbesina alternifolia,Herb,,,"L17,18",10/29/2014,
728,51,Quercus rubra,Tree,<24,,"L17,18",10/29/2014,
729,213,Acer rubrum,Tree,<24,,"L17,18",10/29/2014,
730,16,Aralia racemosa,Herb,,,"L17,18",10/30/2014,
731,24,Verbesina alternifolia,Herb,,,"L17,18",10/30/2014,
732,72,Quercus rubra,Tree,<24,,"L17,18",10/30/2014,
733,253,Acer rubrum,Tree,<24,,"L17,18",10/30/2014,
734,158,Acer saccharinum,Tree,<24,,"M,N20",11/12/2014,1
735,241,Acer saccharinum,Tree,<24,,"N20,21",11/13/2014,6
736,216,Acer rubrum,Tree,<24,,"N20,21",11/13/2014,6
737,30,Hibiscus moschuetos,Herb,,,"M,N20",11/11/2014,2
738,16,Rudbeckia laciniata,Herb,,,"M,N20",11/11/2014,2
739,130,Quercus rubra,Tree,,,L20,3/31/2015,
740,35,Acer rubrum,Tree,,,L20,3/31/2015,
741,170,Quercus rubra,Tree,,,L20,4/1/2015,
742,55,Acer rubrum,Tree,,,L20,4/1/2015,
743,120,Quercus rubra,Tree,,,L20,4/2/2015,
744,100,Quercus rubra,Tree,,,L20,4/3/2015,
745,40,Quercus rubra,Tree,,,L20,4/6/2015,
746,105,Quercus rubra,Tree,,,L20,4/10/2015,
747,20,Quercus rubra,Tree,,,L21,4/14/2015,
748,45,Quercus rubra,Tree,,,L20,4/20/2015,
749,218,Quercus rubra,Tree,,,L20,4/21/2015,
750,140,Quercus rubra,Tree,,,L20,3/30/2015,
751,60,Acer rubrum,Tree,,,L20,3/30/2015,
752,130,Quercus rubra,Tree,,,L20,3/31/2015,
753,35,Acer rubrum,Tree,,,L20,3/31/2015,
754,170,Quercus rubra,Tree,,,L20,4/1/2015,
755,55,Acer rubrum,Tree,,,L20,4/1/2015,
756,120,Quercus rubra,Tree,,,L20,4/2/2015,
757,100,Quercus rubra,Tree,,,L20,4/3/2015,
758,40,Quercus rubra,Tree,,,L20 ,4/6/2015,
759,105,Quercus rubra,Tree,,,L20 ,4/10/2015,
760,20,Quercus rubra,Tree,,,L21,4/14/2015,
761,45,Quercus rubra,Tree,,,L20,4/20/2015,
762,218,Quercus rubra,Tree,,,L20,4/21/2015,
763,36,Aralia racemosa,Herb,,,K9,9/11/2015,
764,6,Geranium maculatum,Herb,,,K9,9/11/2015,
765,16,Eutrochium maculatum,Herb,,,K9,9/11/2015,
766,15,Rudbeckia laciniata,Herb,,,L13,11/2/2015,
767,35,Liriodendron tulipifera,Tree,,,L13,11/2/2015,
768,72,Liquidambar styraciflua,Tree,,,L13,11/2/2015,
769,34,Quercus alba,Tree,,,"L13,L12",11/4/2015,
770,11,Rudbeckia laciniata,Herb,,,"L13,L12",11/4/2015,
771,181,Liquidambar styraciflua,Tree,,,"L13,L12",11/4/2015,
772,4,Verbesina alternifolia,Herb,,,"L13,L12",11/4/2015,
773,30,Maianthemum racemosum,Herb,,,"L13,L12",11/4/2015,
774,35,Liriodendron tulipifera,Tree,,,"L13,L12",11/4/2015,
775,2,Quercus alba,Tree,,,L13,11/9/2015,
776,41,Liriodendron tulipifera,Tree,,,L13,11/9/2015,
777,123,Liquidambar styraciflua,Tree,,,L13,11/9/2015,
778,3,Nyssa sylvatica,Tree,,,L13,11/10/2015,
779,11,Staphylea trifolia,Shrub,,,L13,11/10/2015,
780,11,Liriodendron tulipifera,Tree,,,L13,11/10/2015,
781,231,Liquidambar styraciflua,Tree,,,L13,11/10/2015,
782,20,Quercus rubra,Tree,,,L13,11/11/2015,
783,18,Liriodendron tulipifera,Tree,,,L13,11/11/2015,
784,10,Nyssa sylvatica,Tree,,,L13,11/11/2015,
785,30,Maianthemum racemosum,Herb,,,L13,11/11/2015,
786,89,Liquidambar styraciflua,Tree,,,L13,11/11/2015,
787,60,Liquidambar styraciflua,Tree,,,"L13,M13",11/12/2015,
788,10,Quercus rubra,Tree,,,"L13,M13",11/12/2015,
789,50,Quercus rubra,Tree,,,"L13,M13",11/13/2015,
790,120,Liquidambar styraciflua,Tree,,,"L13,M13",11/13/2015,
791,40,Polygonatum pubescens or biflorum,Herb,,,"L13,M13",11/13/2015,
792,41,Quercus rubra,Tree,,,K10,11/16/2015,
793,136,Liquidambar styraciflua,Tree,,,K10,11/16/2015,
794,153,Liquidambar styraciflua,Tree,,,"K10,K9",11/17/2015,
795,18,Staphylea trifolia,Shrub,,,"K10,K9",11/17/2015,
796,31,Quercus rubra,Tree,,,"K10,K9",11/17/2015,
797,12,Quercus alba,Tree,,,"K10,K9",11/17/2015,
798,1,Carya cordiformis,Tree,,,"K10,K9",11/17/2015,
799,1,Liriodendron tulipifera,Tree,,,"K10,K9",11/17/2015,
800,68,Liquidambar styraciflua,Tree,,,"K10,J10,L10",11/18/2015,
801,203,Staphylea trifolia,Shrub,,,"K10,J10,L10",11/18/2015,
802,15,Liriodendron tulipifera,Tree,,,"K10,J10,L10",11/18/2015,
803,158,Acer saccharinum,Tree,,,"M20,M19",11/20/2015,
804,29,Tsuga canadensis,Tree,,,"N16,N15",11/19/2015,
805,176,Acer saccharinum,Tree,,,"M20,M19",11/23/2015,
806,116,Acer saccharinum,Tree,,,"M20,M19",11/24/2015,
807,9,Celtis occidentalis,Tree,,,"P11,P12",6/7/2016,
808,8,Betula populifolia,Tree,,,"P11,P12",6/7/2016,
809,1,Celtis occidentalis,Tree,,,"P11,P12",6/8/2016,
810,7,Betula populifolia,Tree,,,"P11,P12",6/8/2016,
811,15,Sassafras albidum,Tree,,,"P11,P12",6/8/2016,
812,7,Cornus amomum,Shrub,,,"P11,P12",6/8/2016,
813,3,Clethra alnifolia,Shrub,,,"P11,P12",6/8/2016,
814,11,Clethra alnifolia,Shrub,,,"P11,P12",6/9/2016,
815,12,Cornus amomum,Shrub,,,"P11,P12",6/9/2016,
816,16,Vaccinium corymbosum,Shrub,,,"P11,P12",6/9/2016,
817,69,Andropogon virginicus,Herb,,,"P11,P12",6/9/2016,
818,35,Carex vulpinoidea,Herb,,,"P11,P12",6/9/2016,
819,28,Solidage juncea,Herb,,,"P11,P12",6/9/2016,
820,20,Heliopsis helianthoides,Herb,,,"P11,P12",6/9/2016,
821,39,Euthamia graminifolia,Herb,,,"P11,P12",6/9/2016,
822,45,Elymus canadensis,Herb,,,"P11,P12",6/9/2016,
823,67,Monarda fistulosa,Herb,,,"P11,P12",6/9/2016,
824,14,Elymus canadensis,Herb,,,"P11,P12 ",6/10/2016,
825,7,Solidage juncea,Herb,,,"P11,P12 ",6/10/2016,
826,11,Andropogon virginicus,Herb,,,"P11,P12 ",6/10/2016,
827,10,Heliopsis helianthoides,Herb,,,"P11,P12 ",6/10/2016,
828,4,Euthamia graminifolia,Herb,,,"P11,P12 ",6/10/2016,
829,62,Heliopsis helianthoides,Herb,,,"P11,P12",6/14/2016,
830,24,Monarda fistulosa,Herb,,,"P11,P12",6/14/2016,
831,63,Andropogon virginicus,Herb,,,"P11,P12",6/14/2016,
832,48,Euthamia graminifolia,Herb,,,"P11,P12",6/14/2016,
833,14,Carex vulpinoidea,Herb,,,"P11,P12",6/14/2016,
834,3,Carex stricta,Herb,,,"P11,P12",6/14/2016,
835,20,Vernonia noveboracensis,Herb,,,"P11,P12",6/14/2016,
836,46,Solidago juncea,Herb,,,"P11,P12",6/14/2016,
837,39,Juncus effusus,Herb,,,"P11,P12",6/14/2016,
838,11,Lobelia siphilitica,Herb,,,"P11,P12",6/14/2016,
839,16,Heliopsis helianthoides,Herb,,,"P11,P12",6/15/2016,
840,5,Monarda fistulosa,Herb,,,"P11,P12",6/15/2016,
841,6,Andropogon virginicus,Herb,,,"P11,P12",6/15/2016,
842,44,Euthamia graminifolia,Herb,,,"P11,P12",6/15/2016,
843,27,Carex stricta,Herb,,,"P11,P12",6/15/2016,
844,5,Vernonia noveboracensis,Herb,,,"P11,P12",6/15/2016,
845,14,Juncus effusus,Herb,,,"P11,P12",6/15/2016,
846,22,Lobelia siphilitica,Herb,,,"P11,P12",6/15/2016,
847,6,Onoclea sensibilis,Herb,,,"P11,P12",6/15/2016,
848,29,Elymus canadensis,Herb,,,"P11,P12",6/15/2016,
849,24,Eleocharis obtusa,Herb,,,"P11,P12",6/15/2016,
850,1,Osmunda regalis,Herb,,,"P11,P12",6/15/2016,
851,53,Heliopsis helianthoides,Herb,,,"P11,P12",6/16/2016,
852,4,Monarda fistulosa,Herb,,,"P11,P12",6/16/2016,
853,16,Euthamia graminifolia,Herb,,,"P11,P12",6/16/2016,
854,7,Carex stricta,Herb,,,"P11,P12",6/16/2016,
855,37,Juncus effusus,Herb,,,"P11,P12",6/16/2016,
856,17,Lobelia siphilitica,Herb,,,"P11,P12",6/16/2016,
857,16,Onoclea sensibilis,Herb,,,"P11,P12",6/16/2016,
858,32,Elymus canadensis,Herb,,,"P11,P12",6/16/2016,
859,76,Eleocharis obtusa,Herb,,,"P11,P12",6/16/2016,
860,20,Osmunda regalis,Herb,,,"P11,P12",6/16/2016,
861,37,Saururus cernuus,Herb,,,"P11,P12",6/16/2016,
862,15,Hibiscus moschuetos,Herb,,,"P11,P12",6/16/2016,
863,6,Clethra alnifolia,Shrub,,,"P11,P12",6/16/2016,
864,3,Vaccinium corymbosum,Herb,,,"P11,P12",6/16/2016,
865,40,Leersia virginica,Herb,,,"P11,P12",6/16/2016,
866,40,Heliopsis helianthoides,Herb,,,"P11,P12",6/17/2016,
867,62,Carex stricta,Herb,,,"P11,P12",6/17/2016,
868,39,Elymus canadensis,Herb,,,"P11,P12",6/17/2016,
869,10,Osmunda regalis,Herb,,,"P11,P12",6/17/2016,
870,18,Hibiscus moschuetos,Herb,,,"P11,P12",6/17/2016,
871,10,Leersia virginica,Herb,,,"P11,P12",6/17/2016,
872,2,Clethra alnifolia,Shrub,,,"P11,P12",6/17/2016,
873,1,Vaccinium corymbosum,Shrub,,,"P11,P12",6/17/2016,
874,77,Liquidambar styraciflua,Tree,,,Q14,10/26/2016,
875,20,Staphylea trifolia,Shrub,,,Q14,10/26/2016,
876,13,Quercus rubra,Tree,,,Q14,10/26/2016,
877,35,Liquidambar styraciflua,Tree,,,Q14,10/28/2016,
878,38,Staphylea trifolia,Shrub,,,Q14,10/28/2016,
879,15,Quercus rubra,Tree,,,Q14,10/28/2016,
880,45,Sambucus canadensis,Shrub,,,"L20,K20",11/5/2016,
881,51,Liquidambar styraciflua,Tree,,,"L20,K20",11/5/2016,
882,32,Quercus rubra,Tree,,,"L20,K20",11/5/2016,
883,61,Staphylea trifolia,Shrub,,,"L20,K20",11/5/2016,
884,14,Rudbeckia laciniata,Herb,,,"L20,K20",11/5/2016,
885,15,Sambucus canadensis,Shrub,,,Q14,11/7/2016,
886,50,Liquidambar styraciflua,Tree,,,Q14,11/7/2016,
887,25,Quercus rubra,Tree,,,Q14,11/7/2016,
888,68,Staphylea trifolia,Shrub,,,Q14,11/7/2016,
889,17,Monarda fistulosa,Herb,,,"M8,L8",6/2/2017,
890,50,Lobelia siphilitica,Herb,,,"M8,L8",6/2/2017,
891,15,Deschampsia flexuosa,Herb,,,"M8,L8",6/2/2017,
892,139,Danthonia spicata,Herb,,,"M8,L8",6/2/2017,
893,12,Symphytotrichum oblongifolium,Herb,,,"M8,L8",6/2/2017,
894,4,Symphytotrichum oblongifolium,Herb,,,"M8,L8",6/5/2017,
895,7,Monarda fistulosa,Herb,,,"M8,L8",6/5/2017,
896,14,Deschampsia flexuosa,Herb,,,"M8,L8",6/5/2017,
897,36,Danthonia spicata,Herb,,,"M8,L8",6/5/2017,
898,13,Lobelia siphilitica,Herb,,,"M8,L8",6/5/2017,
899,9,Monarda fistulosa,Herb,,,"L8,L7",6/7/2017,
900,1,Symphytotrichum oblongifolium,Herb,,,"L8,L7",6/7/2017,
901,12,Deschampsia flexuosa,Herb,,,"L8,L7",6/7/2017,
902,7,Lobelia siphilitica,Herb,,,"L8,L7",6/7/2017,
903,35,Danthonia spicata,Herb,,,"L8,L7",6/7/2017,
904,10,Monarda fistulosa,Herb,,,L8,6/8/2017,
905,5,Symphytotrichum oblongifolium,Herb,,,L8,6/8/2017,
906,19,Deschampsia flexuosa,Herb,,,L8,6/8/2017,
907,39,Danthonia spicata,Herb,,,L8,6/8/2017,
908,15,Monarda fistulosa,Herb,,,L8,6/9/2017,
909,3,Symphytotrichum oblongifolium,Herb,,,L8,6/9/2017,
910,8,Dennstaedtia punctiloba,Herb,,,"L8,L7",6/28/2017,
911,11,Dennstaedtia punctiloba,Herb,,,"M7,L7,M8",6/30/2017,
912,25,Dennstaedtia punctiloba,Herb,,,"L7,L8,M8",7/5/2017,
913,27,Dennstaedtia punctiloba,Herb,,,"L7,L8,M8",7/6/2017,
914,27,Dennstaedtia punctiloba,Herb,,,"L7,L8,M8",7/7/2017,
915,20,Dennstaedtia punctiloba,Herb,,,"L7,L8,",7/28/2017,
916,85,Staphylea trifolia,Shrub,,,N4,11/4/2017,
917,30,Liriodendron tulipifera,Tree,,,N4,11/4/2017,
918,68,Liquidambar styraciflua,Tree,,,N4,11/4/2017,
919,88,Staphylea trifolia,Shrub,,,"N20,N21",11/6/2017,
920,8,Sambucus canadensis,Shrub,,,"N20,N21",11/6/2017,
921,31,Liquidambar styraciflua,Tree,,,"N20,N21",11/6/2017,
922,44,Quercus alba,Tree,,,"L12,K12",11/8/2017,
923,88,Liquidambar styraciflua,Tree,,,"L12,K12",11/8/2017,
924,20,Quercus alba,Tree,,,"L12,K12",11/9/2017,
925,25,Liquidambar styraciflua,Tree,,,"L12,K12",11/9/2017,
926,5,Liriodendron tulipifera,Tree,,,"L12,K12",11/9/2017,
927,25,Quercus alba,Tree,,,"K12,L12",11/10/2017,
928,23,Liquidambar styraciflua,Tree,,,"K12,L12",11/10/2017,
929,9,Liriodendron tulipifera,Tree,,,"K12,L12",11/10/2017,
930,2,Carya cordiformis,Tree,,,K14,11/11/2017,
931,15,Quercus alba,Tree,,,K14,11/11/2017,
932,15,Quercus rubra,Tree,,,K14,11/11/2017,
933,7,Carya cordiformis,Tree,,,K14,11/13/2017,
934,45,Quercus alba,Tree,,,K14,11/13/2017,
935,25,Quercus rubra,Tree,,,K14,11/13/2017,
936,12,Carya cordiformis,Tree,,,"J18,K18",11/14/2017,
937,68,Staphylea trifolia,Shrub,,,"J18,K18",11/14/2017,
938,8,Quercus rubra,Tree,,,"J18,K18",11/14/2017,
939,20,Quercus alba,Tree,,,"J18,K18",11/14/2017,
940,29,Quercus alba,Tree,,,"J18,K18",11/15/2017,
941,28,Staphylea trifolia,Shrub,,,"J18,J19",11/16/2017,
942,19,Staphylea trifolia,Shrub,,,"J18,J19",11/16/2017,
943,25,Quercus rubra,Tree,,,"J18,J19",11/16/2017,
944,5,Liriodendron tulipifera,Tree,,,"J18,J19",11/16/2017,
945,18,Carya cordiformis,Tree,,,"J18,K18",11/17/2017,
946,8,Liriodendron tulipifera,Tree,,,"J18,K18",11/17/2017,
947,32,Quercus alba,Tree,,,"J18,K18",11/17/2017,
948,17,Quercus rubra,Tree,,,"J18,K18",11/20/2017,
949,14,Liriodendron tulipifera,Tree,,,"J18,K18",11/20/2017,
950,15,Staphylea trifolia,Shrub,,,"J18,K18",11/20/2017,
951,5,Liriodendron tulipifera,Tree,,,J18,11/21/2017,
952,10,Staphylea trifolia,Shrub,,,J18,11/21/2017,
953,8,Quercus rubra,Tree,,,J18,11/21/2017,
954,10,Quercus rubra,Tree,,,"K14,J14",11/22/2017,
955,6,Quercus alba,Tree,,,"K14,J14",11/22/2017,
956,1,Quercus velutina,Tree,,,"K14,J14",11/22/2017,
957,1,Liriodendron tulipifera,Tree,,,"K14,J14",11/22/2017,
958,23,Carya cordiformis,Tree,,,"K14,J14",11/27/2017,
959,13,Quercus alba,Tree,,,"K14,J14",11/27/2017,
960,17,Quercus alba,Tree,,,L12,11/27/2017,
961,18,Liquidambar styraciflua,Tree,,,L12,11/27/2017,
962,1,Liriodendron tulipifera,Tree,,,L12,11/27/2017,
963,49,Liquidambar styraciflua,Tree,,,L12,11/28/2017,
964,20,Staphylea trifolia,Shrub,,,L12,11/28/2017,
965,25,Quercus alba,Tree,,,L12,11/28/2017,
966,15,Sambucus canadensis,Shrub,,,L12,11/28/2017,
967,15,Quercus alba,Tree,,,L12,11/29/2017,
968,51,Liquidambar styraciflua,Tree,,,L12,11/29/2017,
969,16,Staphylea trifolia,Shrub,,,L12,11/29/2017,
970,119,Liquidambar styraciflua,Tree,,,L12,11/30/2017,
971,15,Quercus alba,Tree,,,L12,11/30/2017,
972,3,Staphylea trifolia,Shrub,,,L12,11/30/2017,
973,14,Quercus alba,Tree,,,L12,12/1/2017,
974,36,Liquidambar styraciflua,Tree,,,L12,12/1/2017,
975,7,Quercus alba,Tree,,,"L12,L13",12/4/2017,
976,36,Liquidambar styraciflua,Tree,,,"L12,L13",12/4/2017,
977,35,Liquidambar styraciflua,Tree,,,"L12,L13",12/5/2017,
978,5,Quercus alba,Tree,,,"L12,L13",12/5/2017,
979,106,Liquidambar styraciflua,Tree,,,"L12,L13",12/7/2017,
980,20,Liquidambar styraciflua,Tree,,,"L12,L13",12/8/2017,
981,11,Corylus americana,Shrub,,,P12,4/11/2018,
982,26,Viburnum acerifolium,Shrub,,,P12,4/11/2018,
983,21,Lindera benzoin,Shrub,,,P12,4/11/2018,
984,135,Geranium maculatum,Herb,,,P12,4/12/2018,
985,70,Theylpteris palustris,Herb,,,P12,4/12/2018,
986,160,Carex amphibola,Herb,,,P12,4/12/2018,
987,90,Tridens flavus,Herb,,,P12,4/12/2018,
988,41,Eurybia divaricata,Herb,,,"P13,P12",5/11/2018,
989,44,Elymus hystrix,Herb,,,"P13,P12",5/11/2018,
990,47,Carex pensylvanica,Herb,,,"P13,P12",5/11/2018,
991,5,Rhus glabra,Tree,,,"P13,P12",5/11/2018,
992,3,Hamamelis virginiana,Shrub,,,"P13,P12",5/11/2018,
993,19,Dicanthelium clandestinum,Herb,,,"P13,P12",5/11/2018,
994,32,Danthonia spicata,Herb,,,"P13,P12",5/11/2018,
995,56,Elymus hystrix,Herb,,,"P12,N12",5/15/2018,
996,63,Danthonia spicata,Herb,,,"P12,N12",5/15/2018,
997,49,Carex pensylvanica,Herb,,,"P12,N12",5/15/2018,
998,6,Rhus glabra,Tree,,,"P12,N12",5/15/2018,
999,6,Hamamelis virginiana,Shrub,,,"P12,N12",5/15/2018,
1000,81,Dicanthelium clandestinum,Herb,,,"P12,N12",5/15/2018,
1001,59,Eurybia divaricata,Herb,,,"P12,N12",5/15/2018,
1002,50,Elymus hystrix,Herb,,,"P12,N12",5/16/2018,
1003,50,Danthonia spicata,Herb,,,"P12,N12",5/16/2018,
1004,32,Carex pensylvanica,Herb,,,"P12,N12",5/16/2018,
1005,6,Rhus glabra,Tree,,,"P12,N12",5/16/2018,
1006,6,Hamamelis virginiana,Shrub,,,"P12,N12",5/16/2018,
1007,4,Rhus glabra,Tree,,,"P12,N12",5/18/2018,
1008,2,Hamamelis virginiana,Shrub,,,"P12,N12",5/18/2018,
1009,4,Rubus alleghaniensis,Shrub,,,"P12,N12",5/18/2018,
1010,50,Carex swanii,Herb,,,"P12,N12",5/18/2018,
1011,2,Morella pensylvanica,Shrub,,,"P12,N12",5/18/2018,
1012,3,Rhus glabra,Tree,,,P12,5/23/2018,
1013,3,Hamamelis virginiana,Shrub,,,P12,5/23/2018,
1014,50,Dicanthelium clandestinum,Herb,,,P12,5/23/2018,
1015,50,Eurybia divaricata,Herb,,,P12,5/23/2018,
1016,5,Rubus alleghaniensis,Shrub,,,P12,5/23/2018,
1017,3,Morella pensylvanica,Shrub,,,P12,5/23/2018,
1018,50,Carex swanii,Herb,,,P12,5/24/2018,
1019,2,Rhus glabra,Tree,,,P12,5/24/2018,
1020,2,Hamamelis virginiana,Shrub,,,P12,5/24/2018,
1021,50,Dichanthelium clandestinum,Herb,,,P12,5/24/2018,
1022,2,Morella pensylvanica,Shrub,,,P12,5/24/2018,
1023,3,Rubus alleghaniensis,Shrub,,,P12,5/24/2018,
1024,50,Carex swanii,Herb,,,P12,5/25/2018,
1025,3,Rhus glabra,Tree,,,P12,5/25/2018,
1026,4,Hamamelis virginiana,Shrub,,,P12,5/25/2018,
1027,4,Morella pensylvanica,Shrub,,,P12,5/25/2018,
1028,4,Rubus alleghaniensis,Shrub,,,P12,5/25/2018,
1029,100,Danthonia spicata,Herb,,,P12,5/25/2018,
1030,50,Eurybia divaricata,Herb,,,P12,5/25/2018,
1031,32,Carex pensylvanica,Herb,,,P12,5/25/2018,
1032,2,Rhus glabra,Tree,,,P12,5/29/2018,
1033,2,Morella pensylvanica,Shrub,,,P12,5/29/2018,
1034,3,Rubus alleghaniensis,Shrub,,,P12,5/29/2018,
1035,4,Hamamelis virginiana,Shrub,,,P12,5/30/2018,
1036,5,Morella pensylvanica,Shrub,,,P12,5/30/2018,
1037,4,Rubus alleghaniensis,Shrub,,,P12,5/30/2018,
1038,50,Danthonia spicata,Herb,,,P12,5/30/2018,
1039,100,Eurybia divaricata,Herb,,,P12,5/30/2018,
1040,54,Carex pensylvanica,Herb,,,P12,5/30/2018,
1041,4,Rhus glabra,Tree,,,P12,5/30/2018,
1042,50,Dicanthelium clandestinum,Herb,,,P12,5/30/2018,
1043,2,Hamamelis virginiana,Shrub,,,P12,5/31/2018,
1044,2,Morella pensylvanica,Shrub,,,P12,5/31/2018,
1045,4,Rubus alleghaniensis,Shrub,,,P12,5/31/2018,
1046,50,Danthonia spicata,Herb,,,P12,5/31/2018,
1047,32,Carex pensylvanica,Herb,,,P12,5/31/2018,
1048,3,Rhus glabra,Tree,,,P12,5/31/2018,
1049,100,Monarda fistulosa,Herb,,,P12,5/31/2018,
1050,2,Hamamelis virginiana,Shrub,,,P12,6/1/2018,
1051,2,Morella pensylvanica,Shrub,,,P12,6/1/2018,
1052,32,Carex pensylvanica,Herb,,,P12,6/1/2018,
1053,2,Rhus glabra,Tree,,,P12,6/1/2018,
1054,50,Carex swanii,Herb,,,P12,6/1/2018,
1055,50,Monarda fistulosa,Herb,,,P12,6/1/2018,
1056,4,Hamamelis virginiana,Shrub,,,P12,6/4/2018,
1057,4,Morella pensylvanica,Shrub,,,P12,6/4/2018,
1058,3,Rubus alleghaniensis,Shrub,,,P12,6/4/2018,
1059,50,Danthonia spicata,Herb,,,P12,6/4/2018,
1060,50,Eurybia divaricata,Herb,,,P12,6/4/2018,
1061,32,Carex pensylvanica,Herb,,,P12,6/4/2018,
1062,4,Rhus glabra,Tree,,,P12,6/4/2018,
1063,1,Quercus montana,Tree,,,P12,6/4/2018,
1064,1,Carya cordiformis,Tree,,,P12,6/4/2018,
1065,2,Hamamelis virginiana,Shrub,,,P12,6/5/2018,
1066,50,Danthonia spicata,Herb,,,P12,6/5/2018,
1067,32,Carex pensylvanica,Herb,,,P12,6/5/2018,
1068,2,Rhus glabra,Tree,,,P12,6/5/2018,
1069,50,Dicanthelium clandestinum,Herb,,,P12,6/5/2018,
1070,50,Monarda fistulosa,Herb,,,P12,6/5/2018,
1071,2,Hamamelis virginiana,Shrub,,,P12,6/7/2018,
1072,2,Morella pensylvanica,Shrub,,,P12,6/7/2018,
1073,4,Rubus alleghaniensis,Shrub,,,P12,6/7/2018,
1074,50,Danthonia spicata,Herb,,,P12,6/7/2018,
1075,50,Eurybia divaricata,Herb,,,P12,6/7/2018,
1076,6,Rhus glabra,Tree,,,P12,6/7/2018,
1077,50,Dicanthelium clandestinum,Herb,,,P12,6/7/2018,
1078,9,Lindera benzoin,Shrub,,,P12,6/7/2018,
1079,2,Quercus alba,Tree,,,P12,6/7/2018,
1080,30,Theylpteris palustris,Herb,,,P12,6/7/2018,
1081,32,Carex amphibola,Herb,,,P12,6/7/2018,
1082,50,Monarda fistulosa,Herb,,,P12,6/7/2018,
1083,52,Geranium maculatum,Herb,,,P12,6/7/2018,
1084,10,Tridens flavus,Herb,,,P12,6/7/2018,
1085,4,Viburnum acerifolium,Shrub,,,P12,6/7/2018,
1086,4,Hamamelis virginiana,Shrub,,,P12,6/8/2018,
1087,2,Morella pensylvanica,Shrub,,,P12,6/8/2018,
1088,25,Danthonia spicata,Herb,,,P12,6/8/2018,
1089,64,Carex pensylvanica,Herb,,,P12,6/8/2018,
1090,6,Rhus glabra,Tree,,,P12,6/8/2018,
1091,2,Celtis occidentalis,Tree,,,P12,6/8/2018,
1092,2,Quercus montana,Tree,,,P12,6/8/2018,
1093,1,Carya cordiformis,Tree,,,P12,6/8/2018,
1094,50,Eragrostis spectabilis,Herb,,,P12,6/8/2018,
1095,50,Monarda fistulosa,Herb,,,P12,6/8/2018,
1096,2,Morella pensylvanica,Shrub,,,P12,6/12/2018,
1097,32,Carex pensylvanica,Herb,,,P12,6/12/2018,
1098,10,Rhus glabra,Tree,,,P12,6/12/2018,
1099,100,Eragrostis spectabilis,Herb,,,P12,6/12/2018,
1100,2,Quercus alba,Tree,,,P12,6/12/2018,
1101,5,Morella pensylvanica,Shrub,,,P12,6/13/2018,
1102,32,Carex pensylvanica,Herb,,,P12,6/13/2018,
1103,6,Rhus glabra,Tree,,,P12,6/13/2018,
1104,50,Eragrostis spectabilis,Herb,,,P12,6/13/2018,
1105,1,Quercus alba,Tree,,,P12,6/13/2018,
1106,50,Eurybia divaricata,Herb,,,P12,6/13/2018,
1107,50,Monarda fistulosa,Herb,,,P12,6/13/2018,
1108,1,Hamamelis virginiana,Shrub,,,P12,6/13/2018,
1109,1,Quercus montana,Tree,,,P12,6/13/2018,
1110,100,Danthonia spicata,Herb,,,P12,6/13/2018,
1111,50,Dicanthelium clandestinum,Herb,,,P12,6/13/2018,
1112,2,Morella pensylvanica,Shrub,,,P12,6/14/2018,
1113,32,Carex pensylvanica,Herb,,,P12,6/14/2018,
1114,2,Rhus glabra,Tree,,,P12,6/14/2018,
1115,50,Carex swanii,Herb,,,P12,6/14/2018,
1116,2,Morella pensylvanica,Shrub,,,"P11,P12",6/21/2018,
1117,32,Carex pensylvanica,Herb,,,"P11,P12",6/21/2018,
1118,2,Rhus glabra,Tree,,,"P11,P12",6/21/2018,
1119,50,Eragrostis spectabilis,Herb,,,"P11,P12",6/21/2018,
1120,1,Quercus alba,Tree,,,"P11,P12",6/21/2018,
1121,50,Monarda fistulosa,Herb,,,"P11,P12",6/21/2018,
1122,50,Danthonia spicata,Herb,,,"P11,P12",6/21/2018,
1123,3,Celtis occidentalis,Tree,,,"P11,P12",6/21/2018,
1124,1,Morella pensylvanica,Shrub,,,"P11,P12",6/22/2018,
1125,64,Carex pensylvanica,Herb,,,"P11,P12",6/22/2018,
1126,2,Rhus glabra,Tree,,,"P11,P12",6/22/2018,
1127,100,Monarda fistulosa,Herb,,,"P11,P12",6/22/2018,
1128,50,Danthonia spicata,Herb,,,"P11,P12",6/22/2018,
1129,2,Rubus alleghaniensis,Shrub,,,"P11,P12",6/22/2018,
1130,50,Dicanthelium clandestinum,Herb,,,"P11,P12",6/22/2018,
1131,1,Ostrya,Tree,,,"P11,P12",6/22/2018,
1132,2,Corylus americana,Shrub,,,"P11,P12",6/22/2018,
1133,150,Asclepias tuberosa,Herb,,,"P12,P13",6/20/2018,
1134,100,Panicum virgatum,Herb,,,"P12,P13",6/20/2018,
1135,15,Rhus glabra,Tree,,,"P12,P13",6/20/2018,
1136,5,Morella pensylvanica,Shrub,,,"P12,P13",6/20/2018,
1137,5,Hamamelis virginiana,Shrub,,,"P12,P13",6/20/2018,
1138,5,Ostrya,Tree,,,"P12,P13",6/20/2018,
1139,5,Carya cordiformis,Tree,,,"P12,P13",6/20/2018,
1140,500,Solidago nemoralis,Herb,,,"L24,L23,M23",6/22/2018,
1141,1000,Panicum virgatum,Herb,,,"L24,L23,M23",6/22/2018,
1142,500,Monarda fistulosa,Herb,,,"L24,L23,M23",6/22/2018,
1143,10,Amelanchier canadensis,Tree,,,"L24,L23,M23",6/22/2018,
1144,20,Hamamelis virginiana,Shrub,,,"L24,L23,M23",6/22/2018,
1145,20,Lindera benzoin,Shrub,,,"L24,L23,M23",6/22/2018,
1146,20,Morella pensylvanica,Shrub,,,"L24,L23,M23",6/22/2018,
1147,20,Rosa carolina,Shrub,,,"L24,L23,M23",6/22/2018,
1148,10,Sambucus canadensis,Shrub,,,"L24,L23,M23",6/22/2018,
1149,50,Parthenocissus quinquefolia,Herb,,,"L24,L23,M23",6/22/2018,
1150,500,Solidago speciosa,Herb,,,"L24,L23,M23",6/22/2018,
1151,500,Elymus hystrix,Herb,,,"L24,L23,M23",6/22/2018,
1152,500,Asclepias tuberosa,Herb,,,"L24,L23,M23",6/22/2018,
1153,500,Eragrostis spectabilis,Herb,,,"L24,L23,M23",6/22/2018,
