"","Qty","Taxon","Plant.Type","Date.Planted","year_planted","month_planted","Survey.Year","Native","Non.native","Invasive"
"1",4,"Quercus bicolor","Tree",2007-05-01,2007,5,"2016","y","n","n"
"2",5,"Hamamelis virginiana","Shrub",2007-11-11,2007,11,"2016","y","n","n"
"3",4,"Hamamelis virginiana","Shrub",2007-11-11,2007,11,"2016","y","n","n"
"4",12,"Viburnum dentatum","Shrub",2007-11-11,2007,11,"2016","y","n","n"
"5",12,"Viburnum dentatum","Shrub",2007-11-11,2007,11,"2016","y","n","n"
"6",12,"Viburnum prunifolium","Shrub",2007-11-11,2007,11,"2016","y","n","n"
"8",5,"Betula lenta","Tree",2007-11-11,2007,11,"2016","y","n","n"
"9",4,"Carpinus caroliniana","Tree",2007-11-11,2007,11,"2016","y","n","n"
"10",2,"Carpinus caroliniana","Tree",2007-11-11,2007,11,"2016","y","n","n"
"11",5,"Chionanthus virginicus","Shrub",2007-11-27,2007,11,"2016","y","n","n"
"12",4,"Hamamelis virginiana","Shrub",2007-11-27,2007,11,"2016","y","n","n"
"13",12,"Viburnum dentatum","Shrub",2007-11-27,2007,11,"2016","y","n","n"
"14",12,"Viburnum dentatum","Shrub",2007-11-27,2007,11,"2016","y","n","n"
"15",2,"Carpinus caroliniana","Tree",2007-11-27,2007,11,"2016","y","n","n"
"16",2,"Carpinus caroliniana","Tree",2007-11-27,2007,11,"2016","y","n","n"
"17",1,"Quercus bicolor","Tree",2007-11-27,2007,11,"2016","y","n","n"
"18",50,"Acer saccharum","Tree",2008-04-12,2008,4,"2016","y","n","n"
"19",50,"Betula lenta","Tree",2008-04-12,2008,4,"2016","y","n","n"
"20",50,"Liriodendron tulipifera","Tree",2008-04-12,2008,4,"2016","y","n","n"
"21",50,"Quercus rubra","Tree",2008-04-12,2008,4,"2016","y","n","n"
"22",50,"Quercus velutina","Tree",2008-04-12,2008,4,"2016","y","n","n"
"25",50,"Cornus alternifolia","Tree",2008-04-25,2008,4,"2016","y","n","n"
"26",50,"Cornus florida","Tree",2008-04-25,2008,4,"2016","y","n","n"
"27",30,"Fraxinus pennsylvanica","Tree",2008-04-25,2008,4,"2016","y","n","n"
"29",50,"Quercus palustris","Tree",2008-04-25,2008,4,"2016","y","n","n"
"30",1,"Quercus bicolor","Tree",2008-05-08,2008,5,"2016","y","n","n"
"31",12,"Quercus rubra","Tree",2008-09-05,2008,9,"2016","y","n","n"
"32",100,"Lindera benzoin","Shrub",2008-10-14,2008,10,"2016","y","n","n"
"33",50,"Viburnum prunifolium","Shrub",2008-10-14,2008,10,"2016","y","n","n"
"34",25,"Acer rubrum","Tree",2008-10-14,2008,10,"2016","y","n","n"
"35",50,"Betula lenta","Tree",2008-10-14,2008,10,"2016","y","n","n"
"36",25,"Carpinus caroliniana","Tree",2008-10-14,2008,10,"2016","y","n","n"
"37",10,"Carya glabra","Tree",2008-10-14,2008,10,"2016","y","n","n"
"38",10,"Carya ovata","Tree",2008-10-14,2008,10,"2016","y","n","n"
"39",10,"Carya tomentosa","Tree",2008-10-14,2008,10,"2016","y","n","n"
"40",50,"Fraxinus americana","Tree",2008-10-14,2008,10,"2016","y","n","n"
"41",10,"Liquidambar styraciflua","Tree",2008-10-14,2008,10,"2016","y","n","n"
"42",10,"Liriodendron tulipifera","Tree",2008-10-14,2008,10,"2016","y","n","n"
"43",50,"Nyssa sylvatica","Tree",2008-10-14,2008,10,"2016","y","n","n"
"44",25,"Quercus alba","Tree",2008-10-14,2008,10,"2016","y","n","n"
"45",50,"Quercus velutina","Tree",2008-10-14,2008,10,"2016","y","n","n"
"46",25,"Hamamelis virginiana","Shrub",2008-10-17,2008,10,"2016","y","n","n"
"47",25,"Viburnum prunifolium","Shrub",2008-10-17,2008,10,"2016","y","n","n"
"49",1,"Carpinus caroliniana","Tree",2008-10-17,2008,10,"2016","y","n","n"
"51",25,"Cornus alternifolia","Tree",2008-10-17,2008,10,"2016","y","n","n"
"52",29,"Fraxinus americana","Tree",2008-10-17,2008,10,"2016","y","n","n"
"53",10,"Liquidambar styraciflua","Tree",2008-10-17,2008,10,"2016","y","n","n"
"54",14,"Liriodendron tulipifera","Tree",2008-10-17,2008,10,"2016","y","n","n"
"55",26,"Quercus alba","Tree",2008-10-17,2008,10,"2016","y","n","n"
"56",10,"Quercus palustris","Tree",2008-10-17,2008,10,"2016","y","n","n"
"57",10,"Viburnum prunifolium","Shrub",2008-10-24,2008,10,"2016","y","n","n"
"59",5,"Liquidambar styraciflua","Tree",2008-10-24,2008,10,"2016","y","n","n"
"60",10,"Ostrya virginiana","Tree",2008-10-24,2008,10,"2016","y","n","n"
"61",37,"Quercus alba","Tree",2008-10-24,2008,10,"2016","y","n","n"
"62",10,"Quercus palustris","Tree",2008-10-24,2008,10,"2016","y","n","n"
"64",61,"Hamamelis virginiana","Shrub",2008-10-25,2008,10,"2016","y","n","n"
"65",15,"Viburnum prunifolium","Shrub",2008-10-25,2008,10,"2016","y","n","n"
"66",30,"Acer saccharinum","Tree",2008-10-25,2008,10,"2016","y","n","n"
"68",4,"Carpinus caroliniana","Tree",2008-10-25,2008,10,"2016","y","n","n"
"69",50,"Fraxinus americana","Tree",2008-10-25,2008,10,"2016","y","n","n"
"70",14,"Ostrya virginiana","Tree",2008-10-25,2008,10,"2016","y","n","n"
"71",30,"Quercus palustris","Tree",2008-10-25,2008,10,"2016","y","n","n"
"72",25,"Acer rubrum","Tree",2008-11-07,2008,11,"2016","y","n","n"
"73",50,"Acer saccharum","Tree",2008-11-07,2008,11,"2016","y","n","n"
"74",75,"Fraxinus pennsylvanica","Tree",2008-11-07,2008,11,"2016","y","n","n"
"75",75,"Quercus alba","Tree",2008-11-07,2008,11,"2016","y","n","n"
"76",25,"Sassafras albidum","Tree",2008-11-07,2008,11,"2016","y","n","n"
"77",25,"Acer rubrum","Tree",2008-11-08,2008,11,"2016","y","n","n"
"78",50,"Acer saccharum","Tree",2008-11-08,2008,11,"2016","y","n","n"
"79",85,"Fraxinus pennsylvanica","Tree",2008-11-08,2008,11,"2016","y","n","n"
"80",25,"Quercus alba","Tree",2008-11-08,2008,11,"2016","y","n","n"
"81",15,"Sassafras albidum","Tree",2008-11-08,2008,11,"2016","y","n","n"
"82",7,"Fraxinus pennsylvanica","Tree",2008-11-11,2008,11,"2016","y","n","n"
"83",15,"Quercus alba","Tree",2008-11-11,2008,11,"2016","y","n","n"
"84",10,"Sassafras albidum","Tree",2008-11-11,2008,11,"2016","y","n","n"
"85",8,"Fraxinus pennsylvanica","Tree",2008-11-18,2008,11,"2016","y","n","n"
"86",10,"Quercus alba","Tree",2008-11-18,2008,11,"2016","y","n","n"
"87",32,"Lindera benzoin","Shrub",2008-11-19,2008,11,"2016","y","n","n"
"88",1,"Viburnum prunifolium","Shrub",2008-11-19,2008,11,"2016","y","n","n"
"89",11,"Hamamelis virginiana","Shrub",2008-11-19,2008,11,"2016","y","n","n"
"91",1,"Betula lenta","Tree",2008-11-19,2008,11,"2016","y","n","n"
"92",10,"Cornus florida","Tree",2008-11-19,2008,11,"2016","y","n","n"
"93",1,"Liquidambar styraciflua","Tree",2008-11-19,2008,11,"2016","y","n","n"
"94",2,"Liriodendron tulipifera","Tree",2008-11-19,2008,11,"2016","y","n","n"
"95",2,"Nyssa sylvatica","Tree",2008-11-19,2008,11,"2016","y","n","n"
"96",1,"Ostrya virginiana","Tree",2008-11-19,2008,11,"2016","y","n","n"
"97",7,"Quercus velutina","Tree",2008-11-19,2008,11,"2016","y","n","n"
"99",20,"Quercus rubra","Tree",2009-05-18,2009,5,"2016","y","n","n"
"100",1,"Acer rubrum","Tree",2009-05-18,2009,5,"2016","y","n","n"
"101",2,"Betula lenta","Tree",2009-05-18,2009,5,"2016","y","n","n"
"102",1,"Carpinus caroliniana","Tree",2009-05-18,2009,5,"2016","y","n","n"
"103",2,"Fraxinus americana","Tree",2009-05-18,2009,5,"2016","y","n","n"
"104",2,"Quercus rubra","Tree",2009-05-18,2009,5,"2016","y","n","n"
"105",50,"Acer rubrum","Tree",2009-11-01,2009,11,"2016","y","n","n"
"106",100,"Acer saccharinum","Tree",2009-11-01,2009,11,"2016","y","n","n"
"109",75,"Betula lenta","Tree",2009-11-01,2009,11,"2016","y","n","n"
"110",50,"Cornus florida","Tree",2009-11-01,2009,11,"2016","y","n","n"
"111",40,"Cornus florida","Tree",2009-11-01,2009,11,"2016","y","n","n"
"112",20,"Liquidambar styraciflua","Tree",2009-11-01,2009,11,"2016","y","n","n"
"113",10,"Nyssa sylvatica","Tree",2009-11-01,2009,11,"2016","y","n","n"
"114",50,"Nyssa sylvatica","Tree",2009-11-01,2009,11,"2016","y","n","n"
"115",50,"Quercus alba","Tree",2009-11-01,2009,11,"2016","y","n","n"
"116",50,"Quercus bicolor","Tree",2009-11-01,2009,11,"2016","y","n","n"
"117",25,"Quercus bicolor","Tree",2009-11-01,2009,11,"2016","y","n","n"
"118",50,"Quercus palustris","Tree",2009-11-01,2009,11,"2016","y","n","n"
"119",25,"Quercus palustris","Tree",2009-11-01,2009,11,"2016","y","n","n"
"120",50,"Quercus velutina","Tree",2009-11-01,2009,11,"2016","y","n","n"
"123",75,"Sassafras albidum","Tree",2009-11-01,2009,11,"2016","y","n","n"
"124",25,"Sassafras albidum","Tree",2009-11-01,2009,11,"2016","y","n","n"
"125",9,"Ulmus americana","Tree",2009-11-01,2009,11,"2016","y","n","n"
"126",50,"Lindera benzoin","Shrub",2009-04-25,2009,4,"2016","y","n","n"
"127",100,"Acer rubrum","Tree",2009-04-25,2009,4,"2016","y","n","n"
"128",125,"Betula lenta","Tree",2009-04-25,2009,4,"2016","y","n","n"
"129",50,"Cornus florida","Tree",2009-04-25,2009,4,"2016","y","n","n"
"130",150,"Quercus alba","Tree",2009-04-25,2009,4,"2016","y","n","n"
"131",75,"Nyssa sylvatica","Tree",2009-04-25,2009,4,"2016","y","n","n"
"133",100,"Cornus alternifolia","Tree",2009-04-25,2009,4,"2016","y","n","n"
"134",40,"Liquidambar styraciflua","Tree",2009-04-25,2009,4,"2016","y","n","n"
"135",260,"Quercus rubra","Tree",2009-04-25,2009,4,"2016","y","n","n"
"136",8,"Betula lenta","Tree",2010-04-10,2010,4,"2016","y","n","n"
"137",8,"Liriodendron tulipifera","Tree",2010-04-10,2010,4,"2016","y","n","n"
"138",8,"Quercus alba","Tree",2010-04-10,2010,4,"2016","y","n","n"
"139",8,"Ulmus americana","Tree",2010-04-10,2010,4,"2016","y","n","n"
"140",60,"Quercus palustris","Tree",2010-04-13,2010,4,"2016","y","n","n"
"141",15,"Lindera benzoin","Shrub",2010-04-22,2010,4,"2016","y","n","n"
"142",10,"Acer rubrum","Tree",2010-04-22,2010,4,"2016","y","n","n"
"143",42,"Betula lenta","Tree",2010-04-22,2010,4,"2016","y","n","n"
"144",42,"Liriodendron tulipifera","Tree",2010-04-22,2010,4,"2016","y","n","n"
"145",20,"Nyssa sylvatica","Tree",2010-04-22,2010,4,"2016","y","n","n"
"146",35,"Quercus alba","Tree",2010-04-22,2010,4,"2016","y","n","n"
"147",40,"Ulmus americana","Tree",2010-04-22,2010,4,"2016","y","n","n"
"152",15,"Lindera benzoin","Shrub",2010-08-20,2010,8,"2016","y","n","n"
"153",5,"Cornus florida","Tree",2010-08-20,2010,8,"2016","y","n","n"
"154",16,"Clethra alnifolia","Shrub",2010-08-25,2010,8,"2016","y","n","n"
"160",4,"Aralia racemosa","Herb",2010-10-07,2010,10,"2016","y","n","n"
"163",1,"Aralia racemosa","Herb",2010-10-08,2010,10,"2016","y","n","n"
"165",8,"Aralia racemosa","Herb",2010-10-12,2010,10,"2016","y","n","n"
"168",29,"Rudbeckia laciniata","Herb",2010-10-12,2010,10,"2016","y","n","n"
"169",98,"Rudbeckia laciniata","Herb",2010-10-13,2010,10,"2016","y","n","n"
"170",10,"Cornus florida","Tree",2010-10-13,2010,10,"2016","y","n","n"
"171",20,"Liquidambar styraciflua","Tree",2010-10-13,2010,10,"2016","y","n","n"
"172",20,"Quercus rubra","Tree",2010-10-13,2010,10,"2016","y","n","n"
"173",32,"Aralia racemosa","Herb",2010-10-22,2010,10,"2016","y","n","n"
"174",23,"Verbesina alternifolia","Herb",2010-10-22,2010,10,"2016","y","n","n"
"175",12,"Clethra alnifolia","Shrub",2010-10-22,2010,10,"2016","y","n","n"
"176",20,"Viburnum dentatum","Shrub",2010-10-22,2010,10,"2016","y","n","n"
"177",68,"Cornus florida","Tree",2010-10-22,2010,10,"2016","y","n","n"
"178",54,"Quercus alba","Tree",2010-10-22,2010,10,"2016","y","n","n"
"179",21,"Quercus bicolor","Tree",2010-10-22,2010,10,"2016","y","n","n"
"180",50,"Liquidambar styraciflua","Tree",2010-10-22,2010,10,"2016","y","n","n"
"181",33,"Cornus florida","Tree",2010-10-26,2010,10,"2016","y","n","n"
"182",33,"Quercus rubra","Tree",2010-10-26,2010,10,"2016","y","n","n"
"183",8,"Viburnum acerifolium","Shrub",2010-10-28,2010,10,"2016","y","n","n"
"185",29,"Betula lenta","Tree",2010-10-28,2010,10,"2016","y","n","n"
"186",13,"Acer rubrum","Tree",2010-10-28,2010,10,"2016","y","n","n"
"187",13,"Cornus florida","Tree",2010-10-28,2010,10,"2016","y","n","n"
"188",9,"Liquidambar styraciflua","Tree",2010-10-28,2010,10,"2016","y","n","n"
"189",2,"Nyssa sylvatica","Tree",2010-10-28,2010,10,"2016","y","n","n"
"190",14,"Sassafras albidum","Tree",2010-10-28,2010,10,"2016","y","n","n"
"191",10,"Hamamelis virginiana","Shrub",2010-10-30,2010,10,"2016","y","n","n"
"192",15,"Viburnum acerifolium","Shrub",2010-10-30,2010,10,"2016","y","n","n"
"193",110,"Viburnum prunifolium","Shrub",2010-10-30,2010,10,"2016","y","n","n"
"194",4,"Quercus palustris","Tree",2010-10-30,2010,10,"2016","y","n","n"
"195",1,"Acer rubrum","Tree",2010-10-30,2010,10,"2016","y","n","n"
"196",18,"Betula lenta","Tree",2010-10-30,2010,10,"2016","y","n","n"
"197",43,"Liriodendron tulipifera","Tree",2010-10-30,2010,10,"2016","y","n","n"
"198",7,"Cornus florida","Tree",2010-10-30,2010,10,"2016","y","n","n"
"199",16,"Liquidambar styraciflua","Tree",2010-10-30,2010,10,"2016","y","n","n"
"200",65,"Quercus rubra","Tree",2010-10-30,2010,10,"2016","y","n","n"
"202",24,"Viburnum prunifolium","Shrub",2010-11-03,2010,11,"2016","y","n","n"
"204",1,"Betula lenta","Tree",2010-11-03,2010,11,"2016","y","n","n"
"205",5,"Nyssa sylvatica","Tree",2010-11-03,2010,11,"2016","y","n","n"
"206",11,"Quercus palustris","Tree",2010-11-03,2010,11,"2016","y","n","n"
"207",9,"Cornus florida","Tree",2010-11-03,2010,11,"2016","y","n","n"
"208",6,"Quercus alba","Tree",2010-11-03,2010,11,"2016","y","n","n"
"209",12,"Sassafras albidum","Tree",2010-11-03,2010,11,"2016","y","n","n"
"210",6,"Betula lenta","Tree",2010-11-05,2010,11,"2016","y","n","n"
"211",6,"Cornus florida","Tree",2010-11-05,2010,11,"2016","y","n","n"
"212",7,"Liquidambar styraciflua","Tree",2010-11-05,2010,11,"2016","y","n","n"
"213",7,"Sassafras albidum","Tree",2010-11-05,2010,11,"2016","y","n","n"
"214",64,"Aralia racemosa","Herb",2010-11-06,2010,11,"2016","y","n","n"
"215",7,"Polygonum virginianum","Herb",2010-11-06,2010,11,"2016","y","n","n"
"216",26,"Verbesina alternifolia","Herb",2010-11-06,2010,11,"2016","y","n","n"
"217",73,"Quercus alba","Tree",2010-11-06,2010,11,"2016","y","n","n"
"218",121,"Quercus bicolor","Tree",2010-11-06,2010,11,"2016","y","n","n"
"219",50,"Cornus florida","Tree",2010-11-06,2010,11,"2016","y","n","n"
"220",4,"Aralia racemosa","Herb",2010-11-08,2010,11,"2016","y","n","n"
"221",10,"Quercus bicolor","Tree",2010-11-08,2010,11,"2016","y","n","n"
"222",20,"Cornus florida","Tree",2010-11-08,2010,11,"2016","y","n","n"
"223",14,"Aralia racemosa","Herb",2010-11-09,2010,11,"2016","y","n","n"
"224",7,"Betula lenta","Tree",2010-11-09,2010,11,"2016","y","n","n"
"225",5,"Cornus florida","Tree",2010-11-09,2010,11,"2016","y","n","n"
"226",5,"Liquidambar styraciflua","Tree",2010-11-09,2010,11,"2016","y","n","n"
"227",2,"Sassafras albidum","Tree",2010-11-09,2010,11,"2016","y","n","n"
"228",12,"Aralia racemosa","Herb",2010-11-10,2010,11,"2016","y","n","n"
"230",12,"Betula lenta","Tree",2010-11-10,2010,11,"2016","y","n","n"
"231",1,"Acer rubrum","Tree",2010-11-10,2010,11,"2016","y","n","n"
"232",15,"Cornus florida","Tree",2010-11-10,2010,11,"2016","y","n","n"
"233",15,"Liquidambar styraciflua","Tree",2010-11-10,2010,11,"2016","y","n","n"
"235",3,"Sassafras albidum","Tree",2010-11-10,2010,11,"2016","y","n","n"
"237",24,"Acer rubrum","Tree",2011-04-30,2011,4,"2016","y","n","n"
"239",160,"Aralia racemosa","Herb",2011-05-04,2011,5,"2016","y","n","n"
"244",48,"Verbesina alternifolia","Herb",2011-05-04,2011,5,"2016","y","n","n"
"246",7,"Clethra alnifolia","Shrub",2011-05-04,2011,5,"2016","y","n","n"
"247",43,"Vaccinium angustifolium","Shrub",2011-05-04,2011,5,"2016","y","n","n"
"250",2,"Cornus florida","Tree",2011-05-04,2011,5,"2016","y","n","n"
"251",5,"Cornus florida","Tree",2011-05-04,2011,5,"2016","y","n","n"
"252",13,"Aralia racemosa","Herb",2011-05-27,2011,5,"2016","y","n","n"
"253",24,"Parthenocissus quinquefolia","Herb",2011-05-27,2011,5,"2016","y","n","n"
"254",40,"Geum canadense","Herb",2011-05-27,2011,5,"2016","y","n","n"
"255",32,"Polygonum virginianum","Herb",2011-05-27,2011,5,"2016","y","n","n"
"257",40,"Eurybia divaricata","Herb",2011-05-27,2011,5,"2016","y","n","n"
"258",7,"Liquidambar styraciflua","Tree",2011-05-27,2011,5,"2016","y","n","n"
"259",2,"Quercus bicolor","Tree",2011-05-27,2011,5,"2016","y","n","n"
"260",7,"Cornus florida","Tree",2011-05-27,2011,5,"2016","y","n","n"
"261",24,"Aralia racemosa","Herb",2011-05-31,2011,5,"2016","y","n","n"
"262",41,"Parthenocissus quinquefolia","Herb",2011-05-31,2011,5,"2016","y","n","n"
"263",24,"Geum canadense","Herb",2011-05-31,2011,5,"2016","y","n","n"
"264",30,"Polygonum virginianum","Herb",2011-05-31,2011,5,"2016","y","n","n"
"266",24,"Eurybia divaricata","Herb",2011-05-31,2011,5,"2016","y","n","n"
"267",20,"Aralia racemosa","Herb",2011-06-01,2011,6,"2016","y","n","n"
"268",23,"Geum canadense","Herb",2011-06-01,2011,6,"2016","y","n","n"
"269",28,"Polygonum virginianum","Herb",2011-06-01,2011,6,"2016","y","n","n"
"270",32,"Eurybia divaricata","Herb",2011-06-01,2011,6,"2016","y","n","n"
"271",12,"Aralia racemosa","Herb",2011-06-02,2011,6,"2016","y","n","n"
"272",32,"Parthenocissus quinquefolia","Herb",2011-06-02,2011,6,"2016","y","n","n"
"273",24,"Geum canadense","Herb",2011-06-02,2011,6,"2016","y","n","n"
"274",50,"Polygonum virginianum","Herb",2011-06-02,2011,6,"2016","y","n","n"
"276",32,"Eurybia divaricata","Herb",2011-06-02,2011,6,"2016","y","n","n"
"277",5,"Aralia racemosa","Herb",2011-06-03,2011,6,"2016","y","n","n"
"278",10,"Parthenocissus quinquefolia","Herb",2011-06-03,2011,6,"2016","y","n","n"
"279",10,"Geum canadense","Herb",2011-06-03,2011,6,"2016","y","n","n"
"280",20,"Polygonum virginianum","Herb",2011-06-03,2011,6,"2016","y","n","n"
"282",32,"Eurybia divaricata","Herb",2011-06-07,2011,6,"2016","y","n","n"
"283",32,"Geum canadense","Herb",2011-06-07,2011,6,"2016","y","n","n"
"284",32,"Parthenocissus quinquefolia","Herb",2011-06-07,2011,6,"2016","y","n","n"
"285",32,"Polygonum virginianum","Herb",2011-06-07,2011,6,"2016","y","n","n"
"286",13,"Aralia racemosa","Herb",2011-06-08,2011,6,"2016","y","n","n"
"288",32,"Eurybia divaricata","Herb",2011-06-08,2011,6,"2016","y","n","n"
"289",62,"Geum canadense","Herb",2011-06-08,2011,6,"2016","y","n","n"
"290",22,"Parthenocissus quinquefolia","Herb",2011-06-08,2011,6,"2016","y","n","n"
"291",32,"Polygonum virginianum","Herb",2011-06-08,2011,6,"2016","y","n","n"
"292",8,"Aralia racemosa","Herb",2011-06-09,2011,6,"2016","y","n","n"
"294",37,"Eurybia divaricata","Herb",2011-06-09,2011,6,"2016","y","n","n"
"295",10,"Geum canadense","Herb",2011-06-09,2011,6,"2016","y","n","n"
"296",32,"Polygonum virginianum","Herb",2011-06-09,2011,6,"2016","y","n","n"
"297",14,"Aralia racemosa","Herb",2011-06-10,2011,6,"2016","y","n","n"
"299",34,"Eurybia divaricata","Herb",2011-06-10,2011,6,"2016","y","n","n"
"300",32,"Geum canadense","Herb",2011-06-10,2011,6,"2016","y","n","n"
"301",24,"Parthenocissus quinquefolia","Herb",2011-06-10,2011,6,"2016","y","n","n"
"302",8,"Aralia racemosa","Herb",2011-06-11,2011,6,"2016","y","n","n"
"304",8,"Eurybia divaricata","Herb",2011-06-11,2011,6,"2016","y","n","n"
"305",10,"Geum canadense","Herb",2011-06-11,2011,6,"2016","y","n","n"
"306",15,"Parthenocissus quinquefolia","Herb",2011-06-11,2011,6,"2016","y","n","n"
"307",8,"Polygonum virginianum","Herb",2011-06-11,2011,6,"2016","y","n","n"
"308",9,"Aralia racemosa","Herb",2011-06-13,2011,6,"2016","y","n","n"
"310",24,"Eurybia divaricata","Herb",2011-06-13,2011,6,"2016","y","n","n"
"311",22,"Geum canadense","Herb",2011-06-13,2011,6,"2016","y","n","n"
"312",61,"Parthenocissus quinquefolia","Herb",2011-06-13,2011,6,"2016","y","n","n"
"313",24,"Polygonum virginianum","Herb",2011-06-13,2011,6,"2016","y","n","n"
"315",3,"Cornus florida","Tree",2011-06-14,2011,6,"2016","y","n","n"
"316",3,"Liquidambar styraciflua","Tree",2011-06-14,2011,6,"2016","y","n","n"
"317",6,"Liquidambar styraciflua","Tree",2011-10-06,2011,10,"2016","y","n","n"
"318",4,"Quercus velutina","Tree",2011-10-06,2011,10,"2016","y","n","n"
"319",8,"Cornus florida","Tree",2011-10-06,2011,10,"2016","y","n","n"
"320",4,"Liquidambar styraciflua","Tree",2011-10-07,2011,10,"2016","y","n","n"
"321",5,"Quercus velutina","Tree",2011-10-07,2011,10,"2016","y","n","n"
"322",1,"Cornus florida","Tree",2011-10-07,2011,10,"2016","y","n","n"
"323",15,"Liquidambar styraciflua","Tree",2011-10-11,2011,10,"2016","y","n","n"
"324",4,"Quercus velutina","Tree",2011-10-11,2011,10,"2016","y","n","n"
"325",16,"Cornus florida","Tree",2011-10-11,2011,10,"2016","y","n","n"
"326",38,"Solidago caesia","Herb",2011-10-12,2011,10,"2016","y","n","n"
"330",32,"Geranium maculatum","Herb",2011-10-12,2011,10,"2016","y","n","n"
"331",32,"Solidago canadensis","Herb",2011-10-12,2011,10,"2016","y","n","n"
"332",32,"Solidago odora","Herb",2011-10-12,2011,10,"2016","y","n","n"
"333",32,"Solidago rugosa","Herb",2011-10-12,2011,10,"2016","y","n","n"
"336",18,"Liriodendron tulipifera","Tree",2011-10-12,2011,10,"2016","y","n","n"
"337",24,"Carya tomentosa","Tree",2011-10-12,2011,10,"2016","y","n","n"
"339",10,"Aralia racemosa","Herb",2011-10-13,2011,10,"2016","y","n","n"
"340",8,"Solidago rugosa","Herb",2011-10-13,2011,10,"2016","y","n","n"
"341",11,"Solidago odora","Herb",2011-10-13,2011,10,"2016","y","n","n"
"342",6,"Solidago canadensis","Herb",2011-10-13,2011,10,"2016","y","n","n"
"354",18,"Solidago rugosa","Herb",2011-10-14,2011,10,"2016","y","n","n"
"355",21,"Solidago odora","Herb",2011-10-14,2011,10,"2016","y","n","n"
"356",12,"Solidago canadensis","Herb",2011-10-14,2011,10,"2016","y","n","n"
"359",24,"Geranium maculatum","Herb",2011-10-14,2011,10,"2016","y","n","n"
"360",20,"Aralia racemosa","Herb",2011-10-14,2011,10,"2016","y","n","n"
"361",8,"Carya tomentosa","Tree",2011-10-14,2011,10,"2016","y","n","n"
"362",9,"Liriodendron tulipifera","Tree",2011-10-14,2011,10,"2016","y","n","n"
"365",2,"Dryopteris marginalis","Herb",2011-10-17,2011,10,"2016","y","n","n"
"367",5,"Aralia nudicaulis","Herb",2011-10-17,2011,10,"2016","y","n","n"
"369",8,"Castanea dentata","Tree",2011-10-17,2011,10,"2016","y","n","n"
"370",8,"Quercus velutina","Tree",2011-10-17,2011,10,"2016","y","n","n"
"371",3,"Liquidambar styraciflua","Tree",2011-10-17,2011,10,"2016","y","n","n"
"372",3,"Cornus florida","Tree",2011-10-17,2011,10,"2016","y","n","n"
"373",340,"Rudbeckia laciniata","Herb",2011-10-24,2011,10,"2016","y","n","n"
"374",45,"Staphylea trifolia","Shrub",2011-10-24,2011,10,"2016","y","n","n"
"375",18,"Aralia racemosa","Herb",2011-10-25,2011,10,"2016","y","n","n"
"387",36,"Lindera benzoin","Shrub",2011-10-25,2011,10,"2016","y","n","n"
"388",15,"Corylus americana","Shrub",2011-10-25,2011,10,"2016","y","n","n"
"389",2,"Hamamelis virginiana","Shrub",2011-10-25,2011,10,"2016","y","n","n"
"390",8,"Liriodendron tulipifera","Tree",2011-10-25,2011,10,"2016","y","n","n"
"391",8,"Cornus florida","Tree",2011-10-25,2011,10,"2016","y","n","n"
"392",8,"Liquidambar styraciflua","Tree",2011-10-25,2011,10,"2016","y","n","n"
"393",46,"Aralia racemosa","Herb",2011-10-26,2011,10,"2016","y","n","n"
"407",36,"Lindera benzoin","Shrub",2011-10-26,2011,10,"2016","y","n","n"
"408",15,"Corylus americana","Shrub",2011-10-26,2011,10,"2016","y","n","n"
"409",34,"Hamamelis virginiana","Shrub",2011-10-26,2011,10,"2016","y","n","n"
"410",28,"Liriodendron tulipifera","Tree",2011-10-26,2011,10,"2016","y","n","n"
"411",6,"Cornus florida","Tree",2011-10-26,2011,10,"2016","y","n","n"
"412",12,"Liquidambar styraciflua","Tree",2011-10-26,2011,10,"2016","y","n","n"
"413",10,"Lindera benzoin","Shrub",2011-10-28,2011,10,"2016","y","n","n"
"414",15,"Staphylea trifolia","Shrub",2011-10-28,2011,10,"2016","y","n","n"
"415",10,"Liriodendron tulipifera","Tree",2011-10-28,2011,10,"2016","y","n","n"
"416",10,"Hamamelis virginiana","Shrub",2011-10-28,2011,10,"2016","y","n","n"
"417",39,"Quercus bicolor","Tree",2011-10-28,2011,10,"2016","y","n","n"
"420",8,"Geranium maculatum","Herb",2012-05-17,2012,5,"2016","y","n","n"
"421",4,"Solidago rugosa","Herb",2012-05-17,2012,5,"2016","y","n","n"
"422",4,"Solidago odora","Herb",2012-05-17,2012,5,"2016","y","n","n"
"426",180,"Rudbeckia laciniata","Herb",2012-05-15,2012,5,"2016","y","n","n"
"427",180,"Rudbeckia laciniata","Herb",2012-05-16,2012,5,"2016","y","n","n"
"428",4,"Corylus americana","Shrub",2012-09-13,2012,9,"2016","y","n","n"
"429",4,"Quercus velutina","Tree",2012-09-13,2012,9,"2016","y","n","n"
"430",8,"Staphylea trifolia","Shrub",2012-09-13,2012,9,"2016","y","n","n"
"431",13,"Lindera benzoin","Shrub",2012-09-14,2012,9,"2016","y","n","n"
"432",3,"Liquidambar styraciflua","Tree",2012-09-14,2012,9,"2016","y","n","n"
"433",2,"Cornus florida","Tree",2012-09-14,2012,9,"2016","y","n","n"
"434",4,"Staphylea trifolia","Shrub",2012-09-14,2012,9,"2016","y","n","n"
"435",72,"Saururus cernuus","Herb",2012-09-21,2012,9,"2011","y","n","n"
"437",25,"Rudbeckia laciniata","Herb",2012-09-21,2012,9,"2016","y","n","n"
"438",17,"Saururus cernuus","Herb",2012-09-28,2012,9,"2011","y","n","n"
"445",32,"Onoclea sensibilis","Herb",2012-09-28,2012,9,"2016","y","n","n"
"452",11,"Iris versicolor","Herb",2012-10-01,2012,10,"2016","y","n","n"
"461",32,"Onoclea sensibilis","Herb",2012-10-03,2012,10,"2016","y","n","n"
"468",63,"Onoclea sensibilis","Herb",2012-10-09,2012,10,"2016","y","n","n"
"470",8,"Solidago caesia","Herb",2012-10-09,2012,10,"2016","y","n","n"
"471",25,"Iris versicolor","Herb",2012-10-09,2012,10,"2016","y","n","n"
"473",5,"Viburnum prunifolium","Shrub",2012-10-09,2012,10,"2016","y","n","n"
"474",17,"Staphylea trifolia","Shrub",2012-10-09,2012,10,"2016","y","n","n"
"475",4,"Lindera benzoin","Shrub",2012-10-09,2012,10,"2016","y","n","n"
"476",4,"Ostrya virginiana","Tree",2012-10-09,2012,10,"2016","y","n","n"
"479",19,"Sambucus canadensis","Shrub",2012-10-16,2012,10,"2016","y","n","n"
"480",9,"Onoclea sensibilis","Herb",2012-10-16,2012,10,"2016","y","n","n"
"484",1,"Viburnum dentatum","Shrub",2012-10-16,2012,10,"2016","y","n","n"
"486",22,"Solidago caesia","Herb",2012-10-16,2012,10,"2016","y","n","n"
"489",6,"Viburnum prunifolium","Shrub",2012-10-16,2012,10,"2016","y","n","n"
"490",5,"Nyssa sylvatica","Tree",2012-10-16,2012,10,"2016","y","n","n"
"491",2,"Liriodendron tulipifera","Tree",2012-10-16,2012,10,"2016","y","n","n"
"494",1,"Cornus florida","Tree",2012-10-16,2012,10,"2016","y","n","n"
"495",12,"Geranium maculatum","Herb",2012-10-16,2012,10,"2016","y","n","n"
"496",13,"Onoclea sensibilis","Herb",2012-10-17,2012,10,"2016","y","n","n"
"501",16,"Solidago caesia","Herb",2012-10-17,2012,10,"2016","y","n","n"
"502",2,"Viburnum prunifolium","Shrub",2012-10-17,2012,10,"2016","y","n","n"
"503",1,"Nyssa sylvatica","Tree",2012-10-17,2012,10,"2016","y","n","n"
"504",1,"Cornus florida","Tree",2012-10-17,2012,10,"2016","y","n","n"
"505",4,"Geranium maculatum","Herb",2012-10-17,2012,10,"2016","y","n","n"
"507",3,"Clethra alnifolia","Shrub",2012-10-17,2012,10,"2016","y","n","n"
"510",15,"Liquidambar styraciflua","Tree",2012-10-18,2012,10,"2016","y","n","n"
"511",3,"Cornus florida","Tree",2012-10-22,2012,10,"2016","y","n","n"
"512",3,"Cornus alternifolia","Tree",2012-10-22,2012,10,"2016","y","n","n"
"514",1,"Viburnum dentatum","Shrub",2012-10-22,2012,10,"2016","y","n","n"
"517",1,"Liquidambar styraciflua","Tree",2012-10-22,2012,10,"2016","y","n","n"
"519",62,"Saururus cernuus","Herb",2012-10-22,2012,10,"2011","y","n","n"
"521",2,"Carpinus caroliniana","Tree",2012-10-22,2012,10,"2016","y","n","n"
"522",5,"Clethra alnifolia","Shrub",2012-10-22,2012,10,"2016","y","n","n"
"523",5,"Sambucus canadensis","Shrub",2012-10-22,2012,10,"2016","y","n","n"
"525",1,"Cornus alternifolia","Tree",2012-10-23,2012,10,"2016","y","n","n"
"529",1,"Clethra alnifolia","Shrub",2012-10-23,2012,10,"2016","y","n","n"
"530",2,"Sambucus canadensis","Shrub",2012-10-23,2012,10,"2016","y","n","n"
"533",5,"Cornus florida","Tree",2012-10-24,2012,10,"2016","y","n","n"
"534",5,"Cornus alternifolia","Tree",2012-10-24,2012,10,"2016","y","n","n"
"537",3,"Liquidambar styraciflua","Tree",2012-10-24,2012,10,"2016","y","n","n"
"539",1,"Carpinus caroliniana","Tree",2012-10-24,2012,10,"2016","y","n","n"
"540",3,"Clethra alnifolia","Shrub",2012-10-24,2012,10,"2016","y","n","n"
"541",10,"Sambucus canadensis","Shrub",2012-10-24,2012,10,"2016","y","n","n"
"544",27,"Solidago caesia","Herb",2012-10-25,2012,10,"2016","y","n","n"
"547",22,"Saururus cernuus","Herb",2012-10-25,2012,10,"2011","y","n","n"
"552",3,"Solidago caesia","Herb",2012-10-26,2012,10,"2016","y","n","n"
"555",153,"Saururus cernuus","Herb",2012-10-26,2012,10,"2011","y","n","n"
"556",1,"Carpinus caroliniana","Tree",2012-10-26,2012,10,"2016","y","n","n"
"557",4,"Clethra alnifolia","Shrub",2012-10-26,2012,10,"2016","y","n","n"
"560",19,"Onoclea sensibilis","Herb",2012-10-23,2012,10,"2016","y","n","n"
"561",32,"Iris versicolor","Herb",2012-10-23,2012,10,"2016","y","n","n"
"563",10,"Solidago odora","Herb",2012-10-23,2012,10,"2016","y","n","n"
"567",10,"Iris versicolor","Herb",2012-10-24,2012,10,"2016","y","n","n"
"571",5,"Viburnum prunifolium","Shrub",2012-10-24,2012,10,"2016","y","n","n"
"573",12,"Iris versicolor","Herb",2012-10-25,2012,10,"2016","y","n","n"
"574",13,"Solidago caesia","Herb",2012-10-25,2012,10,"2016","y","n","n"
"581",11,"Solidago odora","Herb",2012-10-26,2012,10,"2016","y","n","n"
"583",1,"Viburnum prunifolium","Shrub",2012-10-26,2012,10,"2016","y","n","n"
"585",19,"Aralia racemosa","Herb",2012-10-26,2012,10,"2016","y","n","n"
"586",6,"Aralia racemosa","Herb",2012-10-26,2012,10,"2016","y","n","n"
"588",64,"Dryopteris marginalis","Herb",2012-11-04,2012,11,"2016","y","n","n"
"597",20,"Solidago canadensis","Herb",2012-11-04,2012,11,"2016","y","n","n"
"600",6,"Liquidambar styraciflua","Tree",2013-05-02,2013,5,"2016","y","n","n"
"601",7,"Cornus florida","Tree",2013-05-02,2013,5,"2016","y","n","n"
"603",40,"Iris versicolor","Herb",2013-05-02,2013,5,"2016","y","n","n"
"604",17,"Carex plantaginea","Herb",2013-05-02,2013,5,"2016","y","n","n"
"605",3,"Carex debilis","Herb",2013-05-02,2013,5,"2016","y","n","n"
"607",23,"Liquidambar styraciflua","Tree",2013-05-03,2013,5,"2016","y","n","n"
"608",2,"Liquidambar styraciflua","Tree",2013-05-07,2013,5,"2016","y","n","n"
"609",3,"Cornus florida","Tree",2013-05-07,2013,5,"2016","y","n","n"
"611",92,"Iris versicolor","Herb",2013-05-07,2013,5,"2016","y","n","n"
"612",54,"Carex plantaginea","Herb",2013-05-07,2013,5,"2016","y","n","n"
"613",5,"Solidago odora","Herb",2013-05-07,2013,5,"2016","y","n","n"
"615",172,"Carex platyphylla","Herb",2013-05-07,2013,5,"2016","y","n","n"
"620",10,"Viburnum acerifolium","Shrub",2013-05-07,2013,5,"2016","y","n","n"
"621",11,"Liquidambar styraciflua","Tree",2013-05-10,2013,5,"2016","y","n","n"
"622",3,"Liquidambar styraciflua","Tree",2013-05-13,2013,5,"2016","y","n","n"
"624",10,"Solidago odora","Herb",2013-05-13,2013,5,"2016","y","n","n"
"625",80,"Carex platyphylla","Herb",2013-05-13,2013,5,"2016","y","n","n"
"627",14,"Viburnum acerifolium","Shrub",2013-05-13,2013,5,"2016","y","n","n"
"629",15,"Solidago caesia","Herb",2013-05-15,2013,5,"2016","y","n","n"
"630",15,"Aralia racemosa","Herb",2013-05-15,2013,5,"2016","y","n","n"
"631",2,"Betula lenta","Tree",2013-05-15,2013,5,"2016","y","n","n"
"632",25,"Solidago rugosa","Herb",2013-05-15,2013,5,"2016","y","n","n"
"633",13,"Solidago canadensis","Herb",2013-05-15,2013,5,"2016","y","n","n"
"634",2,"Liquidambar styraciflua","Tree",2013-05-15,2013,5,"2016","y","n","n"
"635",1,"Cornus florida","Tree",2013-05-15,2013,5,"2016","y","n","n"
"636",1,"Carpinus caroliniana","Tree",2013-05-15,2013,5,"2016","y","n","n"
"637",2,"Quercus alba","Tree",2013-05-15,2013,5,"2016","y","n","n"
"638",7,"Quercus rubra","Tree",2013-05-15,2013,5,"2016","y","n","n"
"640",15,"Acer saccharinum","Tree",2013-05-28,2013,5,"2016","y","n","n"
"641",2,"Sambucus canadensis","Shrub",2013-05-28,2013,5,"2016","y","n","n"
"642",25,"Acer saccharinum","Tree",2013-05-29,2013,5,"2016","y","n","n"
"643",4,"Sambucus canadensis","Shrub",2013-05-29,2013,5,"2016","y","n","n"
"644",13,"Staphylea trifolia","Shrub",2013-05-29,2013,5,"2016","y","n","n"
"645",30,"Rudbeckia laciniata","Herb",2013-05-29,2013,5,"2016","y","n","n"
"646",8,"Acer saccharinum","Tree",2013-06-04,2013,6,"2016","y","n","n"
"647",4,"Sambucus canadensis","Shrub",2013-06-04,2013,6,"2016","y","n","n"
"648",56,"Staphylea trifolia","Shrub",2013-06-04,2013,6,"2016","y","n","n"
"649",19,"Solidago odora","Herb",2013-06-04,2013,6,"2016","y","n","n"
"650",66,"Carex platyphylla","Herb",2013-06-04,2013,6,"2016","y","n","n"
"652",52,"Solidago canadensis","Herb",2013-06-04,2013,6,"2016","y","n","n"
"654",2,"Cornus florida","Tree",2013-06-04,2013,6,"2016","y","n","n"
"655",1,"Viburnum acerifolium","Shrub",2013-06-04,2013,6,"2016","y","n","n"
"656",6,"Viburnum prunifolim","Shrub",2013-06-04,2013,6,"1937","y","n","n"
"657",1,"Cornus alternifolia","Tree",2013-06-04,2013,6,"2016","y","n","n"
"658",1,"Betula lenta","Tree",2013-06-04,2013,6,"2016","y","n","n"
"659",11,"Quercus rubra","Tree",2013-06-04,2013,6,"2016","y","n","n"
"660",23,"Acer saccharinum","Tree",2013-06-05,2013,6,"2016","y","n","n"
"661",41,"Staphylea trifolia","Shrub",2013-06-05,2013,6,"2016","y","n","n"
"662",11,"Rudbeckia laciniata","Herb",2013-06-05,2013,6,"2016","y","n","n"
"663",2,"Quercus alba","Tree",2013-06-04,2013,6,"2016","y","n","n"
"665",6,"Aralia racemosa","Herb",2013-06-04,2013,6,"2016","y","n","n"
"666",4,"Aralia nudicaulis","Herb",2013-06-04,2013,6,"2016","y","n","n"
"667",30,"Eupatorium perfoliatum","Herb",2013-06-04,2013,6,"2016","y","n","n"
"669",4,"Carya tomentosa","Tree",2013-06-04,2013,6,"2016","y","n","n"
"670",4,"Carya cordiformis","Tree",2013-06-05,2013,6,"2016","y","n","n"
"671",2,"Liriodendron tulipifera","Tree",2013-06-05,2013,6,"2016","y","n","n"
"672",19,"Lindera benzoin","Shrub",2013-08-07,2013,8,"2016","y","n","n"
"673",21,"Lindera benzoin","Shrub",2013-09-26,2013,9,"2016","y","n","n"
"674",30,"Verbesina alternifolia","Herb",2013-08-07,2013,8,"2016","y","n","n"
"675",172,"Verbesina alternifolia","Herb",2013-09-26,2013,9,"2016","y","n","n"
"676",7,"Quercus bicolor","Tree",2013-08-07,2013,8,"2016","y","n","n"
"677",13,"Quercus bicolor","Tree",2013-09-26,2013,9,"2016","y","n","n"
"678",43,"Rudbeckia laciniata","Herb",2013-09-26,2013,9,"2016","y","n","n"
"681",35,"Verbesina alternifolia","Herb",2013-10-31,2013,10,"2016","y","n","n"
"682",68,"Verbesina alternifolia","Herb",2013-10-31,2013,10,"2016","y","n","n"
"683",13,"Verbesina alternifolia","Herb",2013-11-01,2013,11,"2016","y","n","n"
"684",7,"Verbesina alternifolia","Herb",2013-11-02,2013,11,"2016","y","n","n"
"685",12,"Quercus alba","Tree",2013-10-31,2013,10,"2016","y","n","n"
"686",11,"Quercus alba","Tree",2013-10-31,2013,10,"2016","y","n","n"
"687",8,"Quercus alba","Tree",2013-11-01,2013,11,"2016","y","n","n"
"688",10,"Carex plantaginea","Herb",2013-10-31,2013,10,"2016","y","n","n"
"689",25,"Carex plantaginea","Herb",2013-10-31,2013,10,"2016","y","n","n"
"690",12,"Carex plantaginea","Herb",2013-11-02,2013,11,"2016","y","n","n"
"691",16,"Lindera benzoin","Shrub",2013-10-31,2013,10,"2016","y","n","n"
"692",9,"Lindera benzoin","Shrub",2013-11-01,2013,11,"2016","y","n","n"
"693",14,"Lindera benzoin","Shrub",2013-11-02,2013,11,"2016","y","n","n"
"694",1,"Quercus palustris","Tree",2013-10-31,2013,10,"2016","y","n","n"
"696",1,"Quercus palustris","Tree",2013-10-31,2013,10,"2016","y","n","n"
"698",8,"Carex plantaginea","Herb",2013-11-04,2013,11,"2016","y","n","n"
"699",1,"Vaccinium angustifolium","Shrub",2013-11-04,2013,11,"2016","y","n","n"
"700",96,"Carex pensylvanica","Herb",2014-07-15,2014,7,"2016","y","n","n"
"702",48,"Geranium maculatum","Herb",2014-07-15,2014,7,"2016","y","n","n"
"704",100,"Solidago odora","Herb",2014-07-15,2014,7,"2016","y","n","n"
"705",10,"Carex pensylvanica","Herb",2014-10-14,2014,10,"2016","y","n","n"
"706",2,"Aralia racemosa","Herb",2014-10-14,2014,10,"2016","y","n","n"
"707",35,"Carex pensylvanica","Herb",2014-10-16,2014,10,"2016","y","n","n"
"708",29,"Aralia racemosa","Herb",2014-10-16,2014,10,"2016","y","n","n"
"709",50,"Solidago odora","Herb",2014-10-16,2014,10,"2016","y","n","n"
"710",72,"Acer saccharinum","Tree",2014-10-15,2014,10,"2016","y","n","n"
"711",30,"Rudbeckia laciniata","Herb",2014-10-15,2014,10,"2016","y","n","n"
"713",107,"Acer saccharinum","Tree",2014-10-17,2014,10,"2016","y","n","n"
"714",40,"Rudbeckia laciniata","Herb",2014-10-17,2014,10,"2016","y","n","n"
"716",62,"Carex pensylvanica","Herb",2014-10-21,2014,10,"2016","y","n","n"
"717",30,"Aralia racemosa","Herb",2014-10-21,2014,10,"2016","y","n","n"
"718",47,"Solidago odora","Herb",2014-10-21,2014,10,"2016","y","n","n"
"719",16,"Aralia racemosa","Herb",2014-10-22,2014,10,"2016","y","n","n"
"720",24,"Verbesina alternifolia","Herb",2014-10-22,2014,10,"2016","y","n","n"
"721",81,"Quercus rubra","Tree",2014-10-22,2014,10,"2016","y","n","n"
"722",87,"Acer rubrum","Tree",2014-10-22,2014,10,"2016","y","n","n"
"723",16,"Aralia racemosa","Herb",2014-10-28,2014,10,"2016","y","n","n"
"724",45,"Quercus rubra","Tree",2014-10-28,2014,10,"2016","y","n","n"
"725",121,"Acer rubrum","Tree",2014-10-28,2014,10,"2016","y","n","n"
"726",11,"Quercus alba","Tree",2014-10-28,2014,10,"2016","y","n","n"
"727",2,"Verbesina alternifolia","Herb",2014-10-29,2014,10,"2016","y","n","n"
"728",51,"Quercus rubra","Tree",2014-10-29,2014,10,"2016","y","n","n"
"729",213,"Acer rubrum","Tree",2014-10-29,2014,10,"2016","y","n","n"
"730",16,"Aralia racemosa","Herb",2014-10-30,2014,10,"2016","y","n","n"
"731",24,"Verbesina alternifolia","Herb",2014-10-30,2014,10,"2016","y","n","n"
"732",72,"Quercus rubra","Tree",2014-10-30,2014,10,"2016","y","n","n"
"733",253,"Acer rubrum","Tree",2014-10-30,2014,10,"2016","y","n","n"
"734",158,"Acer saccharinum","Tree",2014-11-12,2014,11,"2016","y","n","n"
"735",241,"Acer saccharinum","Tree",2014-11-13,2014,11,"2016","y","n","n"
"736",216,"Acer rubrum","Tree",2014-11-13,2014,11,"2016","y","n","n"
"738",16,"Rudbeckia laciniata","Herb",2014-11-11,2014,11,"2016","y","n","n"
"739",130,"Quercus rubra","Tree",2015-03-31,2015,3,"2016","y","n","n"
"740",35,"Acer rubrum","Tree",2015-03-31,2015,3,"2016","y","n","n"
"741",170,"Quercus rubra","Tree",2015-04-01,2015,4,"2016","y","n","n"
"742",55,"Acer rubrum","Tree",2015-04-01,2015,4,"2016","y","n","n"
"743",120,"Quercus rubra","Tree",2015-04-02,2015,4,"2016","y","n","n"
"744",100,"Quercus rubra","Tree",2015-04-03,2015,4,"2016","y","n","n"
"745",40,"Quercus rubra","Tree",2015-04-06,2015,4,"2016","y","n","n"
"746",105,"Quercus rubra","Tree",2015-04-10,2015,4,"2016","y","n","n"
"747",20,"Quercus rubra","Tree",2015-04-14,2015,4,"2016","y","n","n"
"748",45,"Quercus rubra","Tree",2015-04-20,2015,4,"2016","y","n","n"
"749",218,"Quercus rubra","Tree",2015-04-21,2015,4,"2016","y","n","n"
"750",140,"Quercus rubra","Tree",2015-03-30,2015,3,"2016","y","n","n"
"751",60,"Acer rubrum","Tree",2015-03-30,2015,3,"2016","y","n","n"
"752",130,"Quercus rubra","Tree",2015-03-31,2015,3,"2016","y","n","n"
"753",35,"Acer rubrum","Tree",2015-03-31,2015,3,"2016","y","n","n"
"754",170,"Quercus rubra","Tree",2015-04-01,2015,4,"2016","y","n","n"
"755",55,"Acer rubrum","Tree",2015-04-01,2015,4,"2016","y","n","n"
"756",120,"Quercus rubra","Tree",2015-04-02,2015,4,"2016","y","n","n"
"757",100,"Quercus rubra","Tree",2015-04-03,2015,4,"2016","y","n","n"
"758",40,"Quercus rubra","Tree",2015-04-06,2015,4,"2016","y","n","n"
"759",105,"Quercus rubra","Tree",2015-04-10,2015,4,"2016","y","n","n"
"760",20,"Quercus rubra","Tree",2015-04-14,2015,4,"2016","y","n","n"
"761",45,"Quercus rubra","Tree",2015-04-20,2015,4,"2016","y","n","n"
"762",218,"Quercus rubra","Tree",2015-04-21,2015,4,"2016","y","n","n"
"763",36,"Aralia racemosa","Herb",2015-09-11,2015,9,"2016","y","n","n"
"764",6,"Geranium maculatum","Herb",2015-09-11,2015,9,"2016","y","n","n"
"766",15,"Rudbeckia laciniata","Herb",2015-11-02,2015,11,"2016","y","n","n"
"767",35,"Liriodendron tulipifera","Tree",2015-11-02,2015,11,"2016","y","n","n"
"768",72,"Liquidambar styraciflua","Tree",2015-11-02,2015,11,"2016","y","n","n"
"769",34,"Quercus alba","Tree",2015-11-04,2015,11,"2016","y","n","n"
"770",11,"Rudbeckia laciniata","Herb",2015-11-04,2015,11,"2016","y","n","n"
"771",181,"Liquidambar styraciflua","Tree",2015-11-04,2015,11,"2016","y","n","n"
"772",4,"Verbesina alternifolia","Herb",2015-11-04,2015,11,"2016","y","n","n"
"773",30,"Maianthemum racemosum","Herb",2015-11-04,2015,11,"2016","y","n","n"
"774",35,"Liriodendron tulipifera","Tree",2015-11-04,2015,11,"2016","y","n","n"
"775",2,"Quercus alba","Tree",2015-11-09,2015,11,"2016","y","n","n"
"776",41,"Liriodendron tulipifera","Tree",2015-11-09,2015,11,"2016","y","n","n"
"777",123,"Liquidambar styraciflua","Tree",2015-11-09,2015,11,"2016","y","n","n"
"778",3,"Nyssa sylvatica","Tree",2015-11-10,2015,11,"2016","y","n","n"
"779",11,"Staphylea trifolia","Shrub",2015-11-10,2015,11,"2016","y","n","n"
"780",11,"Liriodendron tulipifera","Tree",2015-11-10,2015,11,"2016","y","n","n"
"781",231,"Liquidambar styraciflua","Tree",2015-11-10,2015,11,"2016","y","n","n"
"782",20,"Quercus rubra","Tree",2015-11-11,2015,11,"2016","y","n","n"
"783",18,"Liriodendron tulipifera","Tree",2015-11-11,2015,11,"2016","y","n","n"
"784",10,"Nyssa sylvatica","Tree",2015-11-11,2015,11,"2016","y","n","n"
"785",30,"Maianthemum racemosum","Herb",2015-11-11,2015,11,"2016","y","n","n"
"786",89,"Liquidambar styraciflua","Tree",2015-11-11,2015,11,"2016","y","n","n"
"787",60,"Liquidambar styraciflua","Tree",2015-11-12,2015,11,"2016","y","n","n"
"788",10,"Quercus rubra","Tree",2015-11-12,2015,11,"2016","y","n","n"
"789",50,"Quercus rubra","Tree",2015-11-13,2015,11,"2016","y","n","n"
"790",120,"Liquidambar styraciflua","Tree",2015-11-13,2015,11,"2016","y","n","n"
"792",41,"Quercus rubra","Tree",2015-11-16,2015,11,"2016","y","n","n"
"793",136,"Liquidambar styraciflua","Tree",2015-11-16,2015,11,"2016","y","n","n"
"794",153,"Liquidambar styraciflua","Tree",2015-11-17,2015,11,"2016","y","n","n"
"795",18,"Staphylea trifolia","Shrub",2015-11-17,2015,11,"2016","y","n","n"
"796",31,"Quercus rubra","Tree",2015-11-17,2015,11,"2016","y","n","n"
"797",12,"Quercus alba","Tree",2015-11-17,2015,11,"2016","y","n","n"
"798",1,"Carya cordiformis","Tree",2015-11-17,2015,11,"2016","y","n","n"
"799",1,"Liriodendron tulipifera","Tree",2015-11-17,2015,11,"2016","y","n","n"
"800",68,"Liquidambar styraciflua","Tree",2015-11-18,2015,11,"2016","y","n","n"
"801",203,"Staphylea trifolia","Shrub",2015-11-18,2015,11,"2016","y","n","n"
"802",15,"Liriodendron tulipifera","Tree",2015-11-18,2015,11,"2016","y","n","n"
"803",158,"Acer saccharinum","Tree",2015-11-20,2015,11,"2016","y","n","n"
"804",29,"Tsuga canadensis","Tree",2015-11-19,2015,11,"2016","y","n","n"
"805",176,"Acer saccharinum","Tree",2015-11-23,2015,11,"2016","y","n","n"
"806",116,"Acer saccharinum","Tree",2015-11-24,2015,11,"2016","y","n","n"
"807",9,"Celtis occidentalis","Tree",2016-06-07,2016,6,"2016","y","n","n"
"809",1,"Celtis occidentalis","Tree",2016-06-08,2016,6,"2016","y","n","n"
"811",15,"Sassafras albidum","Tree",2016-06-08,2016,6,"2016","y","n","n"
"813",3,"Clethra alnifolia","Shrub",2016-06-08,2016,6,"2016","y","n","n"
"814",11,"Clethra alnifolia","Shrub",2016-06-09,2016,6,"2016","y","n","n"
"816",16,"Vaccinium corymbosum","Shrub",2016-06-09,2016,6,"2016","y","n","n"
"821",39,"Euthamia graminifolia","Herb",2016-06-09,2016,6,"2016","y","n","n"
"828",4,"Euthamia graminifolia","Herb",2016-06-10,2016,6,"2016","y","n","n"
"832",48,"Euthamia graminifolia","Herb",2016-06-14,2016,6,"2016","y","n","n"
"836",46,"Solidago juncea","Herb",2016-06-14,2016,6,"2016","y","n","n"
"842",44,"Euthamia graminifolia","Herb",2016-06-15,2016,6,"2016","y","n","n"
"847",6,"Onoclea sensibilis","Herb",2016-06-15,2016,6,"2016","y","n","n"
"853",16,"Euthamia graminifolia","Herb",2016-06-16,2016,6,"2016","y","n","n"
"857",16,"Onoclea sensibilis","Herb",2016-06-16,2016,6,"2016","y","n","n"
"861",37,"Saururus cernuus","Herb",2016-06-16,2016,6,"2011","y","n","n"
"863",6,"Clethra alnifolia","Shrub",2016-06-16,2016,6,"2016","y","n","n"
"864",3,"Vaccinium corymbosum","Herb",2016-06-16,2016,6,"2016","y","n","n"
"865",40,"Leersia virginica","Herb",2016-06-16,2016,6,"2016","y","n","n"
"871",10,"Leersia virginica","Herb",2016-06-17,2016,6,"2016","y","n","n"
"872",2,"Clethra alnifolia","Shrub",2016-06-17,2016,6,"2016","y","n","n"
"873",1,"Vaccinium corymbosum","Shrub",2016-06-17,2016,6,"2016","y","n","n"
"874",77,"Liquidambar styraciflua","Tree",2016-10-26,2016,10,"2016","y","n","n"
"875",20,"Staphylea trifolia","Shrub",2016-10-26,2016,10,"2016","y","n","n"
"876",13,"Quercus rubra","Tree",2016-10-26,2016,10,"2016","y","n","n"
"877",35,"Liquidambar styraciflua","Tree",2016-10-28,2016,10,"2016","y","n","n"
"878",38,"Staphylea trifolia","Shrub",2016-10-28,2016,10,"2016","y","n","n"
"879",15,"Quercus rubra","Tree",2016-10-28,2016,10,"2016","y","n","n"
"880",45,"Sambucus canadensis","Shrub",2016-11-05,2016,11,"2016","y","n","n"
"881",51,"Liquidambar styraciflua","Tree",2016-11-05,2016,11,"2016","y","n","n"
"882",32,"Quercus rubra","Tree",2016-11-05,2016,11,"2016","y","n","n"
"883",61,"Staphylea trifolia","Shrub",2016-11-05,2016,11,"2016","y","n","n"
"884",14,"Rudbeckia laciniata","Herb",2016-11-05,2016,11,"2016","y","n","n"
"885",15,"Sambucus canadensis","Shrub",2016-11-07,2016,11,"2016","y","n","n"
"886",50,"Liquidambar styraciflua","Tree",2016-11-07,2016,11,"2016","y","n","n"
"887",25,"Quercus rubra","Tree",2016-11-07,2016,11,"2016","y","n","n"
"888",68,"Staphylea trifolia","Shrub",2016-11-07,2016,11,"2016","y","n","n"
"892",139,"Danthonia spicata","Herb",2017-06-02,2017,6,"2016","y","n","n"
"897",36,"Danthonia spicata","Herb",2017-06-05,2017,6,"2016","y","n","n"
"903",35,"Danthonia spicata","Herb",2017-06-07,2017,6,"2016","y","n","n"
"907",39,"Danthonia spicata","Herb",2017-06-08,2017,6,"2016","y","n","n"
"916",85,"Staphylea trifolia","Shrub",2017-11-04,2017,11,"2016","y","n","n"
"917",30,"Liriodendron tulipifera","Tree",2017-11-04,2017,11,"2016","y","n","n"
"918",68,"Liquidambar styraciflua","Tree",2017-11-04,2017,11,"2016","y","n","n"
"919",88,"Staphylea trifolia","Shrub",2017-11-06,2017,11,"2016","y","n","n"
"920",8,"Sambucus canadensis","Shrub",2017-11-06,2017,11,"2016","y","n","n"
"921",31,"Liquidambar styraciflua","Tree",2017-11-06,2017,11,"2016","y","n","n"
"922",44,"Quercus alba","Tree",2017-11-08,2017,11,"2016","y","n","n"
"923",88,"Liquidambar styraciflua","Tree",2017-11-08,2017,11,"2016","y","n","n"
"924",20,"Quercus alba","Tree",2017-11-09,2017,11,"2016","y","n","n"
"925",25,"Liquidambar styraciflua","Tree",2017-11-09,2017,11,"2016","y","n","n"
"926",5,"Liriodendron tulipifera","Tree",2017-11-09,2017,11,"2016","y","n","n"
"927",25,"Quercus alba","Tree",2017-11-10,2017,11,"2016","y","n","n"
"928",23,"Liquidambar styraciflua","Tree",2017-11-10,2017,11,"2016","y","n","n"
"929",9,"Liriodendron tulipifera","Tree",2017-11-10,2017,11,"2016","y","n","n"
"930",2,"Carya cordiformis","Tree",2017-11-11,2017,11,"2016","y","n","n"
"931",15,"Quercus alba","Tree",2017-11-11,2017,11,"2016","y","n","n"
"932",15,"Quercus rubra","Tree",2017-11-11,2017,11,"2016","y","n","n"
"933",7,"Carya cordiformis","Tree",2017-11-13,2017,11,"2016","y","n","n"
"934",45,"Quercus alba","Tree",2017-11-13,2017,11,"2016","y","n","n"
"935",25,"Quercus rubra","Tree",2017-11-13,2017,11,"2016","y","n","n"
"936",12,"Carya cordiformis","Tree",2017-11-14,2017,11,"2016","y","n","n"
"937",68,"Staphylea trifolia","Shrub",2017-11-14,2017,11,"2016","y","n","n"
"938",8,"Quercus rubra","Tree",2017-11-14,2017,11,"2016","y","n","n"
"939",20,"Quercus alba","Tree",2017-11-14,2017,11,"2016","y","n","n"
"940",29,"Quercus alba","Tree",2017-11-15,2017,11,"2016","y","n","n"
"941",28,"Staphylea trifolia","Shrub",2017-11-16,2017,11,"2016","y","n","n"
"942",19,"Staphylea trifolia","Shrub",2017-11-16,2017,11,"2016","y","n","n"
"943",25,"Quercus rubra","Tree",2017-11-16,2017,11,"2016","y","n","n"
"944",5,"Liriodendron tulipifera","Tree",2017-11-16,2017,11,"2016","y","n","n"
"945",18,"Carya cordiformis","Tree",2017-11-17,2017,11,"2016","y","n","n"
"946",8,"Liriodendron tulipifera","Tree",2017-11-17,2017,11,"2016","y","n","n"
"947",32,"Quercus alba","Tree",2017-11-17,2017,11,"2016","y","n","n"
"948",17,"Quercus rubra","Tree",2017-11-20,2017,11,"2016","y","n","n"
"949",14,"Liriodendron tulipifera","Tree",2017-11-20,2017,11,"2016","y","n","n"
"950",15,"Staphylea trifolia","Shrub",2017-11-20,2017,11,"2016","y","n","n"
"951",5,"Liriodendron tulipifera","Tree",2017-11-21,2017,11,"2016","y","n","n"
"952",10,"Staphylea trifolia","Shrub",2017-11-21,2017,11,"2016","y","n","n"
"953",8,"Quercus rubra","Tree",2017-11-21,2017,11,"2016","y","n","n"
"954",10,"Quercus rubra","Tree",2017-11-22,2017,11,"2016","y","n","n"
"955",6,"Quercus alba","Tree",2017-11-22,2017,11,"2016","y","n","n"
"956",1,"Quercus velutina","Tree",2017-11-22,2017,11,"2016","y","n","n"
"957",1,"Liriodendron tulipifera","Tree",2017-11-22,2017,11,"2016","y","n","n"
"958",23,"Carya cordiformis","Tree",2017-11-27,2017,11,"2016","y","n","n"
"959",13,"Quercus alba","Tree",2017-11-27,2017,11,"2016","y","n","n"
"960",17,"Quercus alba","Tree",2017-11-27,2017,11,"2016","y","n","n"
"961",18,"Liquidambar styraciflua","Tree",2017-11-27,2017,11,"2016","y","n","n"
"962",1,"Liriodendron tulipifera","Tree",2017-11-27,2017,11,"2016","y","n","n"
"963",49,"Liquidambar styraciflua","Tree",2017-11-28,2017,11,"2016","y","n","n"
"964",20,"Staphylea trifolia","Shrub",2017-11-28,2017,11,"2016","y","n","n"
"965",25,"Quercus alba","Tree",2017-11-28,2017,11,"2016","y","n","n"
"966",15,"Sambucus canadensis","Shrub",2017-11-28,2017,11,"2016","y","n","n"
"967",15,"Quercus alba","Tree",2017-11-29,2017,11,"2016","y","n","n"
"968",51,"Liquidambar styraciflua","Tree",2017-11-29,2017,11,"2016","y","n","n"
"969",16,"Staphylea trifolia","Shrub",2017-11-29,2017,11,"2016","y","n","n"
"970",119,"Liquidambar styraciflua","Tree",2017-11-30,2017,11,"2016","y","n","n"
"971",15,"Quercus alba","Tree",2017-11-30,2017,11,"2016","y","n","n"
"972",3,"Staphylea trifolia","Shrub",2017-11-30,2017,11,"2016","y","n","n"
"973",14,"Quercus alba","Tree",2017-12-01,2017,12,"2016","y","n","n"
"974",36,"Liquidambar styraciflua","Tree",2017-12-01,2017,12,"2016","y","n","n"
"975",7,"Quercus alba","Tree",2017-12-04,2017,12,"2016","y","n","n"
"976",36,"Liquidambar styraciflua","Tree",2017-12-04,2017,12,"2016","y","n","n"
"977",35,"Liquidambar styraciflua","Tree",2017-12-05,2017,12,"2016","y","n","n"
"978",5,"Quercus alba","Tree",2017-12-05,2017,12,"2016","y","n","n"
"979",106,"Liquidambar styraciflua","Tree",2017-12-07,2017,12,"2016","y","n","n"
"980",20,"Liquidambar styraciflua","Tree",2017-12-08,2017,12,"2016","y","n","n"
"981",11,"Corylus americana","Shrub",2018-04-11,2018,4,"2016","y","n","n"
"982",26,"Viburnum acerifolium","Shrub",2018-04-11,2018,4,"2016","y","n","n"
"983",21,"Lindera benzoin","Shrub",2018-04-11,2018,4,"2016","y","n","n"
"984",135,"Geranium maculatum","Herb",2018-04-12,2018,4,"2016","y","n","n"
"988",41,"Eurybia divaricata","Herb",2018-05-11,2018,5,"2016","y","n","n"
"990",47,"Carex pensylvanica","Herb",2018-05-11,2018,5,"2016","y","n","n"
"992",3,"Hamamelis virginiana","Shrub",2018-05-11,2018,5,"2016","y","n","n"
"994",32,"Danthonia spicata","Herb",2018-05-11,2018,5,"2016","y","n","n"
"996",63,"Danthonia spicata","Herb",2018-05-15,2018,5,"2016","y","n","n"
"997",49,"Carex pensylvanica","Herb",2018-05-15,2018,5,"2016","y","n","n"
"999",6,"Hamamelis virginiana","Shrub",2018-05-15,2018,5,"2016","y","n","n"
"1001",59,"Eurybia divaricata","Herb",2018-05-15,2018,5,"2016","y","n","n"
"1003",50,"Danthonia spicata","Herb",2018-05-16,2018,5,"2016","y","n","n"
"1004",32,"Carex pensylvanica","Herb",2018-05-16,2018,5,"2016","y","n","n"
"1006",6,"Hamamelis virginiana","Shrub",2018-05-16,2018,5,"2016","y","n","n"
"1008",2,"Hamamelis virginiana","Shrub",2018-05-18,2018,5,"2016","y","n","n"
"1010",50,"Carex swanii","Herb",2018-05-18,2018,5,"2016","y","n","n"
"1013",3,"Hamamelis virginiana","Shrub",2018-05-23,2018,5,"2016","y","n","n"
"1015",50,"Eurybia divaricata","Herb",2018-05-23,2018,5,"2016","y","n","n"
"1018",50,"Carex swanii","Herb",2018-05-24,2018,5,"2016","y","n","n"
"1020",2,"Hamamelis virginiana","Shrub",2018-05-24,2018,5,"2016","y","n","n"
"1021",50,"Dichanthelium clandestinum","Herb",2018-05-24,2018,5,"2016","y","n","n"
"1024",50,"Carex swanii","Herb",2018-05-25,2018,5,"2016","y","n","n"
"1026",4,"Hamamelis virginiana","Shrub",2018-05-25,2018,5,"2016","y","n","n"
"1029",100,"Danthonia spicata","Herb",2018-05-25,2018,5,"2016","y","n","n"
"1030",50,"Eurybia divaricata","Herb",2018-05-25,2018,5,"2016","y","n","n"
"1031",32,"Carex pensylvanica","Herb",2018-05-25,2018,5,"2016","y","n","n"
"1035",4,"Hamamelis virginiana","Shrub",2018-05-30,2018,5,"2016","y","n","n"
"1038",50,"Danthonia spicata","Herb",2018-05-30,2018,5,"2016","y","n","n"
"1039",100,"Eurybia divaricata","Herb",2018-05-30,2018,5,"2016","y","n","n"
"1040",54,"Carex pensylvanica","Herb",2018-05-30,2018,5,"2016","y","n","n"
"1043",2,"Hamamelis virginiana","Shrub",2018-05-31,2018,5,"2016","y","n","n"
"1046",50,"Danthonia spicata","Herb",2018-05-31,2018,5,"2016","y","n","n"
"1047",32,"Carex pensylvanica","Herb",2018-05-31,2018,5,"2016","y","n","n"
"1050",2,"Hamamelis virginiana","Shrub",2018-06-01,2018,6,"2016","y","n","n"
"1052",32,"Carex pensylvanica","Herb",2018-06-01,2018,6,"2016","y","n","n"
"1054",50,"Carex swanii","Herb",2018-06-01,2018,6,"2016","y","n","n"
"1056",4,"Hamamelis virginiana","Shrub",2018-06-04,2018,6,"2016","y","n","n"
"1059",50,"Danthonia spicata","Herb",2018-06-04,2018,6,"2016","y","n","n"
"1060",50,"Eurybia divaricata","Herb",2018-06-04,2018,6,"2016","y","n","n"
"1061",32,"Carex pensylvanica","Herb",2018-06-04,2018,6,"2016","y","n","n"
"1064",1,"Carya cordiformis","Tree",2018-06-04,2018,6,"2016","y","n","n"
"1065",2,"Hamamelis virginiana","Shrub",2018-06-05,2018,6,"2016","y","n","n"
"1066",50,"Danthonia spicata","Herb",2018-06-05,2018,6,"2016","y","n","n"
"1067",32,"Carex pensylvanica","Herb",2018-06-05,2018,6,"2016","y","n","n"
"1071",2,"Hamamelis virginiana","Shrub",2018-06-07,2018,6,"2016","y","n","n"
"1074",50,"Danthonia spicata","Herb",2018-06-07,2018,6,"2016","y","n","n"
"1075",50,"Eurybia divaricata","Herb",2018-06-07,2018,6,"2016","y","n","n"
"1078",9,"Lindera benzoin","Shrub",2018-06-07,2018,6,"2016","y","n","n"
"1079",2,"Quercus alba","Tree",2018-06-07,2018,6,"2016","y","n","n"
"1083",52,"Geranium maculatum","Herb",2018-06-07,2018,6,"2016","y","n","n"
"1085",4,"Viburnum acerifolium","Shrub",2018-06-07,2018,6,"2016","y","n","n"
"1086",4,"Hamamelis virginiana","Shrub",2018-06-08,2018,6,"2016","y","n","n"
"1088",25,"Danthonia spicata","Herb",2018-06-08,2018,6,"2016","y","n","n"
"1089",64,"Carex pensylvanica","Herb",2018-06-08,2018,6,"2016","y","n","n"
"1091",2,"Celtis occidentalis","Tree",2018-06-08,2018,6,"2016","y","n","n"
"1093",1,"Carya cordiformis","Tree",2018-06-08,2018,6,"2016","y","n","n"
"1097",32,"Carex pensylvanica","Herb",2018-06-12,2018,6,"2016","y","n","n"
"1100",2,"Quercus alba","Tree",2018-06-12,2018,6,"2016","y","n","n"
"1102",32,"Carex pensylvanica","Herb",2018-06-13,2018,6,"2016","y","n","n"
"1105",1,"Quercus alba","Tree",2018-06-13,2018,6,"2016","y","n","n"
"1106",50,"Eurybia divaricata","Herb",2018-06-13,2018,6,"2016","y","n","n"
"1108",1,"Hamamelis virginiana","Shrub",2018-06-13,2018,6,"2016","y","n","n"
"1110",100,"Danthonia spicata","Herb",2018-06-13,2018,6,"2016","y","n","n"
"1113",32,"Carex pensylvanica","Herb",2018-06-14,2018,6,"2016","y","n","n"
"1115",50,"Carex swanii","Herb",2018-06-14,2018,6,"2016","y","n","n"
"1117",32,"Carex pensylvanica","Herb",2018-06-21,2018,6,"2016","y","n","n"
"1120",1,"Quercus alba","Tree",2018-06-21,2018,6,"2016","y","n","n"
"1122",50,"Danthonia spicata","Herb",2018-06-21,2018,6,"2016","y","n","n"
"1123",3,"Celtis occidentalis","Tree",2018-06-21,2018,6,"2016","y","n","n"
"1125",64,"Carex pensylvanica","Herb",2018-06-22,2018,6,"2016","y","n","n"
"1128",50,"Danthonia spicata","Herb",2018-06-22,2018,6,"2016","y","n","n"
"1132",2,"Corylus americana","Shrub",2018-06-22,2018,6,"2016","y","n","n"
"1137",5,"Hamamelis virginiana","Shrub",2018-06-20,2018,6,"2016","y","n","n"
"1139",5,"Carya cordiformis","Tree",2018-06-20,2018,6,"2016","y","n","n"
"1140",500,"Solidago nemoralis","Herb",2018-06-22,2018,6,"2016","y","n","n"
"1144",20,"Hamamelis virginiana","Shrub",2018-06-22,2018,6,"2016","y","n","n"
"1145",20,"Lindera benzoin","Shrub",2018-06-22,2018,6,"2016","y","n","n"
"1148",10,"Sambucus canadensis","Shrub",2018-06-22,2018,6,"2016","y","n","n"
"1149",50,"Parthenocissus quinquefolia","Herb",2018-06-22,2018,6,"2016","y","n","n"
